corrida,brazo,fase,p50_ms,p95_ms,p99_ms,cotizaciones,error_pct,respaldo_pct,edad_p50_s,edad_p95_s,acierto,breaker_max,inflight_max,refrescos_activos_max,llamadas_fallidas,coalescidas,invocaciones_por_fallo,cortadas_por_breaker,sobre_225_pct,sobre_475_pct,lag_p99_ms,parones_250ms,p95_open_finance_ms,p95_cache_ms,p95_default_ms,p95_fallback_ms,s_hasta_abrir,s_hasta_cerrar,s_hasta_respaldo_bajo_5pct,pico_invocaciones_recuperacion,linea_base_invocaciones
cache_blocking_b1_r1_caido,cache_blocking,sana,57.8,64.9,145.8,12099.0,0.0,0.0,411.8,851.2,0.9591,0.0,2.0,0.0,0.0,0.0,1.0,,0.058,0.0,4.6,0.0,179.6,64.2,,,,,,,
cache_blocking_b1_r1_caido,cache_blocking,degradada,57.5,64.3,64.9,12001.0,0.0,3.946,576.2,880.4,0.9603,2.0,2.0,0.0,30.0,0.0,0.06,441.0,0.0,0.0,4.5,0.0,155.0,64.2,64.2,64.2,,,,,
cache_blocking_b1_r1_caido,cache_blocking,recuperacion,57.8,64.8,142.4,5999.0,0.0,0.509,589.2,870.4,0.958,2.0,2.0,0.0,0.0,0.0,0.88,31.0,0.017,0.0,4.3,0.0,184.7,64.2,64.2,64.2,,,,,
cache_blocking_b1_r1_caido,cache_blocking,transiciones,,,,,,,,,,,,,,,,,,,,,,,,,8.0,11.0,0.0,5.22,6.33
cache_blocking_b1_r1_degradado,cache_blocking,sana,57.8,64.8,143.7,12001.0,0.0,0.0,416.3,851.6,0.9606,0.0,2.0,0.0,0.0,0.0,1.0,,0.025,0.0,4.4,0.0,177.8,64.2,,,,,,,
cache_blocking_b1_r1_degradado,cache_blocking,degradada,57.5,64.3,64.9,12001.0,0.0,3.43,575.7,878.4,0.9656,2.0,4.0,0.0,24.0,0.0,0.06,385.0,0.182,0.182,4.5,0.0,119.0,64.2,722.6,64.9,,,,,
cache_blocking_b1_r1_degradado,cache_blocking,recuperacion,57.7,64.7,135.7,6100.0,0.0,0.983,591.4,871.8,0.9583,2.0,2.0,0.0,0.0,0.0,0.76,60.0,0.0,0.0,4.4,0.0,178.1,64.2,64.2,64.2,,,,,
cache_blocking_b1_r1_degradado,cache_blocking,transiciones,,,,,,,,,,,,,,,,,,,,,,,,,8.0,14.0,0.0,5.56,5.56
cache_blocking_b1_r1_lento,cache_blocking,sana,57.8,64.9,141.0,12002.0,0.0,0.0,414.2,851.4,0.9573,0.0,3.0,0.0,0.0,0.0,1.0,,0.034,0.0,,,173.1,64.2,,,,,,,
cache_blocking_b1_r1_lento,cache_blocking,degradada,57.8,64.8,492.5,12101.0,0.0,0.0,557.5,865.7,0.9613,0.0,4.0,0.0,0.0,0.0,1.0,,3.842,1.283,,,542.2,64.3,,,,,,,
cache_blocking_b1_r1_lento,cache_blocking,recuperacion,57.8,64.9,141.0,6000.0,0.0,0.0,586.8,868.7,0.958,0.0,3.0,0.0,0.0,0.0,1.0,,0.017,0.0,,,174.3,64.3,,,,,,,
cache_blocking_b1_r1_lento,cache_blocking,transiciones,,,,,,,,,,,,,,,,,,,,,,,,,,0.0,0.0,5.0,6.56
cache_blocking_b1_r1_sano,cache_blocking,sana,57.8,64.9,142.7,12002.0,0.0,0.0,414.4,851.4,0.9594,0.0,2.0,0.0,0.0,0.0,1.0,,0.017,0.0,4.4,0.0,177.6,64.2,,,,,,,
cache_blocking_b1_r1_sano,cache_blocking,degradada,57.8,64.9,143.9,12101.0,0.0,0.0,554.8,865.5,0.9588,0.0,2.0,0.0,0.0,0.0,1.0,,0.025,0.0,4.4,0.0,174.6,64.2,,,,,,,
cache_blocking_b1_r1_sano,cache_blocking,recuperacion,57.8,64.8,139.0,6000.0,0.0,0.0,588.2,868.8,0.962,0.0,2.0,0.0,0.0,0.0,1.0,,0.0,0.0,4.4,0.0,170.4,64.2,,,,,,,
cache_blocking_b1_r1_sano,cache_blocking,transiciones,,,,,,,,,,,,,,,,,,,,,,,,,,0.0,0.0,5.0,5.89
cache_blocking_b1_r1_sin_respuesta,cache_blocking,sana,57.8,64.8,140.3,12000.0,0.0,0.0,416.3,851.6,0.9608,0.0,2.0,0.0,0.0,0.0,1.0,,0.008,0.0,4.2,0.0,177.1,64.2,,,,,,,
cache_blocking_b1_r1_sin_respuesta,cache_blocking,degradada,57.5,64.3,64.9,12101.0,0.0,3.811,574.3,878.5,0.9613,2.0,7.0,0.0,27.0,0.0,0.05,434.0,0.182,0.182,4.2,0.0,138.5,64.2,700.1,64.9,,,,,
cache_blocking_b1_r1_sin_respuesta,cache_blocking,recuperacion,57.8,64.8,140.5,6000.0,0.0,0.881,590.4,871.7,0.9561,2.0,2.0,0.0,0.0,0.0,0.8,53.0,0.0,0.0,4.2,0.0,176.2,64.2,64.2,64.2,,,,,
cache_blocking_b1_r1_sin_respuesta,cache_blocking,transiciones,,,,,,,,,,,,,,,,,,,,,,,,,8.0,14.0,0.0,6.11,5.45
cache_blocking_b1_r2_lento,cache_blocking,sana,57.8,64.9,143.2,12101.0,0.0,0.0,418.3,851.8,0.9592,0.0,2.0,0.0,0.0,0.0,1.0,,0.008,0.0,4.7,0.0,171.4,64.2,,,,,,,
cache_blocking_b1_r2_lento,cache_blocking,degradada,57.8,64.8,485.8,11999.0,0.0,0.0,558.3,865.8,0.9641,0.0,5.0,0.0,0.0,0.0,0.99,,3.564,1.151,4.6,0.0,544.5,64.2,,,,,,,
cache_blocking_b1_r2_lento,cache_blocking,recuperacion,57.8,64.8,138.9,6000.0,0.0,0.0,587.7,868.8,0.9607,0.0,2.0,0.0,0.0,0.0,1.0,,0.034,0.0,4.6,0.0,180.1,64.3,,,,,,,
cache_blocking_b1_r2_lento,cache_blocking,transiciones,,,,,,,,,,,,,,,,,,,,,,,,,,0.0,0.0,5.0,6.0
cache_blocking_b1_r3_lento,cache_blocking,sana,57.8,64.8,140.0,12000.0,0.0,0.0,415.4,851.5,0.9599,0.0,2.0,0.0,0.0,0.0,1.0,,0.025,0.0,4.7,0.0,180.2,64.2,,,,,,,
cache_blocking_b1_r3_lento,cache_blocking,degradada,57.8,64.8,490.9,12101.0,0.0,0.0,559.8,866.0,0.9625,0.0,7.0,0.0,0.0,0.0,1.0,,3.725,1.242,4.7,0.0,544.3,64.2,,,,,,,
cache_blocking_b1_r3_lento,cache_blocking,recuperacion,57.8,64.8,142.9,6004.0,0.0,0.0,587.4,868.7,0.9602,0.0,4.0,0.0,0.0,0.0,1.01,,0.102,0.017,4.7,0.0,185.9,64.2,,,,,,,
cache_blocking_b1_r3_lento,cache_blocking,transiciones,,,,,,,,,,,,,,,,,,,,,,,,,,0.0,0.0,5.11,5.11
cache_blocking_b2_r1_hr0.50,cache_blocking,sana,80.6,160.4,192.3,12000.0,0.0,0.0,0.0,808.2,0.4989,0.0,8.0,0.0,0.0,0.0,1.0,,0.176,0.0,4.4,0.0,173.8,64.3,,,,,,,
cache_blocking_b2_r1_hr0.50,cache_blocking,degradada,64.9,531.1,556.1,11997.0,0.0,0.0,76.5,834.5,0.5042,0.0,27.0,0.0,0.0,0.0,1.0,,49.571,16.754,4.5,0.0,543.1,64.3,,,,,,,
cache_blocking_b2_r1_hr0.50,cache_blocking,recuperacion,64.9,159.4,191.1,6102.0,0.0,0.0,183.2,839.6,0.5043,0.0,6.0,0.0,0.0,0.0,1.0,,0.133,0.0,4.2,0.0,175.1,64.3,,,,,,,
cache_blocking_b2_r1_hr0.50,cache_blocking,transiciones,,,,,,,,,,,,,,,,,,,,,,,,,,0.0,0.0,52.11,53.2
cache_blocking_b2_r1_hr0.90,cache_blocking,sana,58.3,123.1,161.2,12001.0,0.0,0.0,382.1,848.2,0.9006,0.0,3.0,0.0,0.0,0.0,1.0,,0.025,0.0,4.0,0.0,175.0,64.2,,,,,,,
cache_blocking_b2_r1_hr0.90,cache_blocking,degradada,58.3,443.3,527.6,11996.0,0.0,0.0,533.2,863.3,0.9019,0.0,9.0,0.0,0.0,0.0,0.99,,9.696,3.06,4.0,0.0,540.7,64.3,,,,,,,
cache_blocking_b2_r1_hr0.90,cache_blocking,recuperacion,58.4,126.1,163.3,6100.0,0.0,0.0,563.9,866.4,0.893,0.0,3.0,0.0,0.0,0.0,1.0,,0.05,0.0,4.0,0.0,172.4,64.2,,,,,,,
cache_blocking_b2_r1_hr0.90,cache_blocking,transiciones,,,,,,,,,,,,,,,,,,,,,,,,,,0.0,0.0,12.44,11.22
cache_blocking_b2_r1_hr0.98,cache_blocking,sana,57.7,64.5,126.9,12001.0,0.0,0.0,422.4,852.2,0.9797,0.0,2.0,0.0,0.0,0.0,1.0,,0.0,0.0,4.1,0.0,173.9,64.3,,,,,,,
cache_blocking_b2_r1_hr0.98,cache_blocking,degradada,57.7,64.6,452.8,12000.0,0.0,0.0,562.2,866.2,0.9788,0.0,3.0,0.0,0.0,0.0,1.0,,2.101,0.731,4.2,0.0,541.5,64.2,,,,,,,
cache_blocking_b2_r1_hr0.98,cache_blocking,recuperacion,57.6,64.5,122.4,6101.0,0.0,0.0,594.1,869.4,0.9807,0.0,2.0,0.0,0.0,0.0,1.0,,0.017,0.0,4.3,0.0,172.6,64.2,,,,,,,
cache_blocking_b2_r1_hr0.98,cache_blocking,transiciones,,,,,,,,,,,,,,,,,,,,,,,,,,0.0,0.0,2.78,3.67
cache_blocking_b2_r1_hr0.99,cache_blocking,sana,57.6,64.4,102.1,12101.0,0.0,0.0,425.9,852.6,0.9886,0.0,2.0,0.0,0.0,0.0,1.0,,0.017,0.0,4.4,0.0,177.9,64.2,,,,,,,
cache_blocking_b2_r1_hr0.99,cache_blocking,degradada,57.6,64.4,65.0,12001.0,0.0,0.0,566.9,866.7,0.9915,0.0,2.0,0.0,0.0,0.0,1.0,,0.84,0.286,4.4,0.0,549.9,64.3,,,,,,,
cache_blocking_b2_r1_hr0.99,cache_blocking,recuperacion,57.6,64.4,84.0,6102.0,0.0,0.0,596.9,869.7,0.99,0.0,1.0,0.0,0.0,0.0,1.02,,0.05,0.0,4.4,0.0,189.8,64.2,,,,,,,
cache_blocking_b2_r1_hr0.99,cache_blocking,transiciones,,,,,,,,,,,,,,,,,,,,,,,,,,0.0,0.0,1.78,2.11
cache_blocking_b3b_pol_count_alto,cache_blocking,sana,57.8,64.9,138.8,23999.0,0.0,0.0,307.5,840.7,0.959,0.0,2.0,0.0,0.0,0.0,1.0,,0.008,0.0,4.2,0.0,171.5,64.3,,,,,,,
cache_blocking_b3b_pol_count_alto,cache_blocking,degradada,57.5,64.3,64.9,24202.0,0.0,3.974,565.5,878.9,0.96,2.0,7.0,0.0,21.0,0.0,0.02,941.0,0.071,0.071,3.7,0.0,154.0,64.3,64.5,64.5,,,,,
cache_blocking_b3b_pol_count_alto,cache_blocking,recuperacion,57.8,64.7,139.8,12000.0,0.0,0.559,590.4,870.9,0.9607,2.0,2.0,0.0,0.0,0.0,0.86,67.0,0.008,0.0,4.0,0.0,172.5,64.2,64.2,64.2,,,,,
cache_blocking_b3b_pol_count_alto,cache_blocking,transiciones,,,,,,,,,,,,,,,,,,,,,,,,,5.0,10.0,0.0,10.0,10.0
cache_blocking_b3b_pol_count_bajo,cache_blocking,sana,57.8,64.8,133.3,1200.0,0.0,0.0,308.9,840.9,0.9633,0.0,1.0,0.0,0.0,0.0,1.0,,0.0,0.0,4.6,0.0,184.0,64.2,,,,,,,
cache_blocking_b3b_pol_count_bajo,cache_blocking,degradada,57.6,64.4,715.7,1200.0,0.0,4.167,569.4,880.2,0.9575,2.0,2.0,0.0,16.0,0.0,0.32,33.0,1.186,1.186,4.6,0.0,139.0,64.2,785.1,780.3,,,,,
cache_blocking_b3b_pol_count_bajo,cache_blocking,recuperacion,57.9,104.6,146.7,610.0,0.0,0.0,582.5,868.3,0.945,2.0,0.0,0.0,0.0,0.0,1.0,0.0,0.167,0.0,4.5,0.0,180.2,64.2,,,,,,,
cache_blocking_b3b_pol_count_bajo,cache_blocking,transiciones,,,,,,,,,,,,,,,,,,,,,,,,,15.0,3.0,2.0,1.0,0.78
cache_blocking_b3b_pol_rate_alto,cache_blocking,sana,57.8,64.8,142.0,24001.0,0.0,0.0,308.7,840.9,0.9607,0.0,3.0,0.0,0.0,0.0,1.0,,0.0,0.0,4.2,0.0,173.5,64.3,,,,,,,
cache_blocking_b3b_pol_rate_alto,cache_blocking,degradada,57.5,64.3,64.9,24201.0,0.0,4.319,566.3,880.2,0.9565,2.0,9.0,0.0,58.0,0.0,0.06,988.0,0.241,0.241,4.2,0.0,158.0,64.3,722.2,65.0,,,,,
cache_blocking_b3b_pol_rate_alto,cache_blocking,recuperacion,57.8,64.7,135.5,12001.0,0.0,0.864,590.7,871.1,0.9583,2.0,4.0,0.0,0.0,0.0,0.79,104.0,0.034,0.0,4.2,0.0,174.0,64.3,64.2,64.2,,,,,
cache_blocking_b3b_pol_rate_alto,cache_blocking,transiciones,,,,,,,,,,,,,,,,,,,,,,,,,7.0,13.0,0.0,10.11,9.56
cache_blocking_b3b_pol_rate_bajo,cache_blocking,sana,57.8,64.8,150.0,1210.0,0.0,0.0,299.6,839.9,0.9617,0.0,0.0,0.0,0.0,0.0,1.0,,0.083,0.0,4.3,0.0,187.7,64.2,,,,,,,
cache_blocking_b3b_pol_rate_bajo,cache_blocking,degradada,57.6,64.4,65.0,1200.0,0.0,3.948,569.3,879.7,0.9605,2.0,1.0,0.0,11.0,0.0,0.21,36.0,0.774,0.774,3.2,0.0,119.0,64.2,773.0,777.4,,,,,
cache_blocking_b3b_pol_rate_bajo,cache_blocking,recuperacion,57.7,64.7,126.7,610.0,0.0,0.5,592.2,872.0,0.965,2.0,1.0,0.0,0.0,0.0,0.86,3.0,0.0,0.0,1.0,0.0,151.0,64.2,,64.2,,,,,
cache_blocking_b3b_pol_rate_bajo,cache_blocking,transiciones,,,,,,,,,,,,,,,,,,,,,,,,,11.0,12.0,0.0,0.67,0.78
cache_blocking_b4_degradado,cache_blocking,r20,57.5,64.3,64.9,2494.0,0.0,3.72,439.8,870.3,0.9628,2.0,1.0,0.0,7.0,0.0,0.08,86.0,0.283,0.283,4.4,0.0,,64.3,742.5,723.3,,,,,
cache_blocking_b4_degradado,cache_blocking,r50,57.5,64.3,64.9,6258.0,0.0,4.222,577.1,881.3,0.9576,2.0,1.0,0.0,7.0,0.0,0.03,258.0,0.113,0.113,4.5,0.0,,64.3,64.6,64.9,,,,,
cache_blocking_b4_degradado,cache_blocking,r100,57.5,64.3,64.9,12415.0,0.0,3.972,606.2,881.7,0.9603,2.0,1.0,0.0,8.0,0.0,0.02,485.0,0.065,0.065,4.1,0.0,,64.3,64.5,64.5,,,,,
cache_blocking_b4_degradado,cache_blocking,r200,57.5,64.3,64.9,23175.0,0.0,14.743,644.4,1450.9,0.8525,2.0,1.0,0.0,7.0,0.0,0.0,3409.0,0.03,0.03,4.2,0.0,,64.3,64.3,64.3,,,,,
cache_blocking_b4_sano,cache_blocking,r20,57.9,65.0,144.2,2497.0,0.0,0.0,426.9,852.7,0.9548,0.0,1.0,0.0,0.0,0.0,1.0,,0.0,0.0,4.4,0.0,166.4,64.3,,,,,,,
cache_blocking_b4_sano,cache_blocking,r50,57.9,64.9,142.1,6264.0,0.0,0.0,556.8,865.7,0.9549,0.0,1.0,0.0,0.0,0.0,1.0,,0.032,0.0,4.4,0.0,171.6,64.3,,,,,,,
cache_blocking_b4_sano,cache_blocking,r100,57.8,64.8,143.3,12425.0,0.0,0.0,588.1,868.8,0.9619,0.0,1.0,0.0,0.0,0.0,1.0,,0.016,0.0,4.5,0.0,177.1,64.3,,,,,,,
cache_blocking_b4_sano,cache_blocking,r200,58.6,131.4,166.0,23155.0,0.0,0.0,549.5,865.0,0.8695,0.0,6.0,0.0,0.0,0.0,1.0,,0.026,0.0,4.2,0.0,173.1,64.3,,,,,,,
cache_blocking_b4b_degradado,cache_blocking,r20,57.5,64.3,64.9,2504.0,0.0,3.464,197.7,733.1,0.9654,2.0,1.0,0.0,7.0,0.0,0.08,80.0,0.282,0.282,4.5,0.0,,64.3,736.7,740.0,,,,,
cache_blocking_b4b_degradado,cache_blocking,r50,57.5,64.3,64.9,6172.0,0.0,4.134,511.2,874.9,0.9587,2.0,1.0,0.0,7.0,0.0,0.03,248.0,0.114,0.114,4.4,0.0,,64.3,64.7,64.6,,,,,
cache_blocking_b4b_degradado,cache_blocking,r100,57.5,64.3,64.9,12544.0,0.0,4.035,606.7,882.7,0.9597,2.0,1.0,0.0,8.0,0.0,0.02,498.0,0.064,0.064,4.4,0.0,,64.3,64.4,64.6,,,,,
cache_blocking_b4b_degradado,cache_blocking,r200,57.5,64.3,64.9,23116.0,0.0,3.961,606.3,881.9,0.9604,2.0,1.0,0.0,7.0,0.0,0.01,908.0,0.031,0.031,3.5,0.0,,64.3,64.4,64.3,,,,,
cache_blocking_b4b_sano,cache_blocking,r20,57.8,64.9,148.8,2498.0,0.0,0.0,188.2,595.5,0.9601,0.0,2.0,0.0,0.0,0.0,1.0,,0.081,0.0,4.5,0.0,197.9,64.3,,,,,,,
cache_blocking_b4b_sano,cache_blocking,r50,57.8,64.8,138.1,6263.0,0.0,0.0,489.0,858.9,0.9612,0.0,1.0,0.0,0.0,0.0,1.0,,0.032,0.0,4.1,0.0,164.9,64.3,,,,,,,
cache_blocking_b4b_sano,cache_blocking,r100,57.9,64.9,143.7,12427.0,0.0,0.0,586.0,868.6,0.9555,0.0,2.0,0.0,0.0,0.0,1.0,,0.016,0.0,4.5,0.0,181.3,64.3,,,,,,,
cache_blocking_b4b_sano,cache_blocking,r200,57.8,64.8,139.2,23154.0,0.0,0.0,588.2,868.8,0.9623,0.0,2.0,0.0,0.0,0.0,1.0,,0.013,0.0,4.1,0.0,176.7,64.3,,,,,,,
cache_blocking_b5_intermitente_count,cache_blocking,sana,57.8,64.9,141.0,24000.0,0.0,0.0,310.1,841.0,0.959,0.0,2.0,0.0,0.0,0.0,1.0,,0.0,0.0,4.1,0.0,177.9,64.3,,,,,,,
cache_blocking_b5_intermitente_count,cache_blocking,degradada,57.8,64.8,714.0,24199.0,0.0,1.183,551.5,869.0,0.9598,0.0,6.0,0.0,287.0,0.0,1.0,,1.176,1.163,4.0,0.0,172.8,64.3,795.0,795.0,,,,,
cache_blocking_b5_intermitente_count,cache_blocking,recuperacion,57.8,64.9,140.6,12001.0,0.0,0.0,586.8,868.7,0.958,0.0,3.0,0.0,0.0,0.0,1.0,,0.0,0.0,3.0,0.0,178.4,64.3,,,,,,,
cache_blocking_b5_intermitente_count,cache_blocking,transiciones,,,,,,,,,,,,,,,,,,,,,,,,,,0.0,0.0,10.33,10.78
cache_blocking_b5_intermitente_rate,cache_blocking,sana,57.8,64.9,143.1,24001.0,0.0,0.0,315.5,841.5,0.9592,0.0,3.0,0.0,0.0,0.0,1.0,,0.013,0.0,3.9,0.0,172.8,64.3,,,,,,,
cache_blocking_b5_intermitente_rate,cache_blocking,degradada,57.8,64.8,709.2,24000.0,0.0,1.104,550.5,868.3,0.9613,0.0,5.0,0.0,265.0,0.0,1.0,,1.118,1.101,4.1,0.0,172.5,64.3,795.0,795.0,,,,,
cache_blocking_b5_intermitente_rate,cache_blocking,recuperacion,57.8,64.9,145.7,12200.0,0.0,0.008,587.0,868.7,0.9583,0.0,3.0,0.0,0.0,0.0,1.0,,0.042,0.008,4.0,0.0,178.7,64.3,795.0,,,,,,
cache_blocking_b5_intermitente_rate,cache_blocking,transiciones,,,,,,,,,,,,,,,,,,,,,,,,,,0.0,0.0,10.67,11.0
cache_opportunistic_b1_r1_caido,cache_opportunistic,sana,57.8,64.8,139.9,12001.0,0.0,0.067,418.7,852.1,0.9615,0.0,2.0,2.0,0.0,0.0,1.0,,0.0,0.0,4.2,0.0,166.9,64.2,189.2,189.2,,,,,
cache_opportunistic_b1_r1_caido,cache_opportunistic,degradada,57.5,64.3,64.9,12002.0,0.0,3.672,574.0,879.2,0.9632,2.0,0.0,0.0,28.0,0.0,0.06,412.0,0.0,0.0,4.3,0.0,173.5,64.2,64.3,64.3,,,,,
cache_opportunistic_b1_r1_caido,cache_opportunistic,recuperacion,57.8,64.8,136.1,6100.0,0.0,0.633,590.5,870.9,0.96,2.0,2.0,2.0,0.0,0.0,0.88,29.0,0.0,0.0,4.4,0.0,163.2,64.2,187.3,186.2,,,,,
cache_opportunistic_b1_r1_caido,cache_opportunistic,transiciones,,,,,,,,,,,,,,,,,,,,,,,,,7.0,11.0,0.0,4.89,5.67
cache_opportunistic_b1_r1_degradado,cache_opportunistic,sana,57.8,64.8,140.3,12001.0,0.0,0.185,418.3,852.6,0.9628,0.0,2.0,2.0,0.0,0.0,1.0,,0.0,0.0,4.4,0.0,165.8,64.2,189.2,189.2,,,,,
cache_opportunistic_b1_r1_degradado,cache_opportunistic,degradada,57.5,64.3,64.9,12001.0,0.0,4.008,575.3,879.9,0.9598,2.0,5.0,5.0,31.0,0.0,0.05,448.0,0.0,0.0,4.0,0.0,139.0,64.2,177.5,179.8,,,,,
cache_opportunistic_b1_r1_degradado,cache_opportunistic,recuperacion,57.7,64.7,133.8,6100.0,0.0,0.883,591.6,870.8,0.9612,2.0,2.0,2.0,0.0,0.0,0.79,51.0,0.0,0.0,4.3,0.0,163.0,64.2,176.9,176.5,,,,,
cache_opportunistic_b1_r1_degradado,cache_opportunistic,transiciones,,,,,,,,,,,,,,,,,,,,,,,,,7.0,14.0,0.0,4.89,5.11
cache_opportunistic_b1_r1_lento,cache_opportunistic,sana,57.8,64.8,139.6,12002.0,0.0,0.143,414.2,851.9,0.9624,0.0,2.0,2.0,0.0,0.0,1.0,,0.0,0.0,,,164.3,64.3,189.2,189.2,,,,,
cache_opportunistic_b1_r1_lento,cache_opportunistic,degradada,57.8,64.8,186.0,12102.0,0.0,3.733,577.5,879.9,0.9627,0.0,5.0,6.0,0.0,0.0,1.0,,0.0,0.0,,,159.0,64.3,189.3,189.3,,,,,
cache_opportunistic_b1_r1_lento,cache_opportunistic,recuperacion,57.8,64.9,138.0,6000.0,0.0,0.136,588.6,869.1,0.9619,0.0,2.0,2.0,0.0,0.0,1.0,,0.0,0.0,,,159.5,64.3,189.2,189.2,,,,,
cache_opportunistic_b1_r1_lento,cache_opportunistic,transiciones,,,,,,,,,,,,,,,,,,,,,,,,,,0.0,0.0,4.56,5.33
cache_opportunistic_b1_r1_sano,cache_opportunistic,sana,57.8,64.9,146.3,12001.0,0.0,0.126,415.0,851.9,0.9582,0.0,2.0,2.0,0.0,0.0,1.0,,0.0,0.0,4.5,0.0,168.9,64.3,189.2,189.2,,,,,
cache_opportunistic_b1_r1_sano,cache_opportunistic,degradada,57.8,64.9,144.7,12001.0,0.0,0.227,554.0,865.8,0.9573,0.0,2.0,2.0,0.0,0.0,1.0,,0.0,0.0,4.5,0.0,164.8,64.2,189.2,189.2,,,,,
cache_opportunistic_b1_r1_sano,cache_opportunistic,recuperacion,57.8,64.8,139.4,6100.0,0.0,0.117,588.5,869.1,0.9615,0.0,1.0,1.0,0.0,0.0,1.0,,0.0,0.0,4.6,0.0,159.4,64.3,189.2,189.2,,,,,
cache_opportunistic_b1_r1_sano,cache_opportunistic,transiciones,,,,,,,,,,,,,,,,,,,,,,,,,,0.0,0.0,4.89,5.33
cache_opportunistic_b1_r1_sin_respuesta,cache_opportunistic,sana,57.8,64.9,144.6,12001.0,0.0,0.092,414.9,852.0,0.958,0.0,2.0,2.0,0.0,0.0,1.0,,0.0,0.0,4.6,0.0,167.3,64.3,189.2,189.2,,,,,
cache_opportunistic_b1_r1_sin_respuesta,cache_opportunistic,degradada,57.5,64.3,64.9,12002.0,0.0,3.823,577.5,880.0,0.9614,2.0,7.0,7.0,33.0,0.0,0.06,426.0,0.0,0.0,4.5,0.0,172.0,64.2,179.2,180.3,,,,,
cache_opportunistic_b1_r1_sin_respuesta,cache_opportunistic,recuperacion,57.7,64.7,134.8,6100.0,0.0,0.933,592.1,871.6,0.9613,2.0,1.0,1.0,0.0,0.0,0.79,49.0,0.0,0.0,4.5,0.0,167.2,64.2,184.4,185.1,,,,,
cache_opportunistic_b1_r1_sin_respuesta,cache_opportunistic,transiciones,,,,,,,,,,,,,,,,,,,,,,,,,7.0,14.0,0.0,5.11,5.67
cache_opportunistic_b2_r1_hr0.50,cache_opportunistic,sana,80.0,160.0,183.4,12003.0,0.0,1.781,75.8,823.2,0.5,0.0,7.0,7.0,0.0,0.0,1.0,,0.0,0.0,4.4,0.0,164.4,64.3,189.2,189.2,,,,,
cache_opportunistic_b2_r1_hr0.50,cache_opportunistic,degradada,64.8,188.5,189.7,12098.0,0.0,49.196,726.8,1661.3,0.5064,0.0,26.0,26.0,0.0,0.0,1.0,,0.0,0.0,4.4,0.0,169.0,64.3,189.3,189.3,,,,,
cache_opportunistic_b2_r1_hr0.50,cache_opportunistic,recuperacion,82.4,159.9,183.2,6001.0,0.0,1.695,304.8,850.7,0.4953,0.0,6.0,6.0,0.0,0.0,1.0,,0.0,0.0,4.3,0.0,164.4,64.2,189.2,189.2,,,,,
cache_opportunistic_b2_r1_hr0.50,cache_opportunistic,transiciones,,,,,,,,,,,,,,,,,,,,,,,,,,0.0,14.0,53.56,53.23
cache_opportunistic_b2_r1_hr0.90,cache_opportunistic,sana,58.3,125.1,161.5,12101.0,0.0,0.283,387.8,850.0,0.9002,0.0,3.0,3.0,0.0,0.0,1.0,,0.0,0.0,4.4,0.0,166.5,64.3,189.2,189.2,,,,,
cache_opportunistic_b2_r1_hr0.90,cache_opportunistic,degradada,58.3,181.8,188.4,12002.0,0.0,9.176,586.0,898.3,0.9085,0.0,9.0,9.0,0.0,0.0,1.0,,0.0,0.0,4.0,0.0,,64.2,189.2,189.2,,,,,
cache_opportunistic_b2_r1_hr0.90,cache_opportunistic,recuperacion,58.4,126.3,160.5,6100.0,0.0,0.383,567.4,867.8,0.897,0.0,3.0,3.0,0.0,0.0,1.0,,0.0,0.0,3.3,0.0,164.3,64.3,189.2,189.2,,,,,
cache_opportunistic_b2_r1_hr0.90,cache_opportunistic,transiciones,,,,,,,,,,,,,,,,,,,,,,,,,,0.0,6.0,12.34,12.33
cache_opportunistic_b3_count_alto,cache_opportunistic,sana,57.8,64.9,144.7,24000.0,0.0,0.185,418.7,852.7,0.9603,0.0,3.0,3.0,0.0,0.0,1.0,,0.0,0.0,,,165.5,64.3,189.2,189.2,,,,,
cache_opportunistic_b3_count_alto,cache_opportunistic,degradada,57.5,64.3,64.9,24202.0,0.0,4.221,577.7,880.8,0.9577,2.0,7.0,7.0,19.0,0.0,0.02,1000.0,0.0,0.0,,,172.0,64.3,64.6,64.6,,,,,
cache_opportunistic_b3_count_alto,cache_opportunistic,recuperacion,57.8,64.8,137.5,11999.0,0.0,0.644,590.9,870.9,0.961,2.0,2.0,2.0,0.0,0.0,0.86,63.0,0.0,0.0,,,166.9,64.3,186.8,184.3,,,,,
cache_opportunistic_b3_count_alto,cache_opportunistic,transiciones,,,,,,,,,,,,,,,,,,,,,,,,,4.0,10.0,0.0,8.89,10.22
cache_opportunistic_b3_count_bajo,cache_opportunistic,sana,57.8,64.8,133.4,1210.0,0.0,0.167,413.0,851.3,0.9642,0.0,0.0,0.0,0.0,0.0,1.0,,0.0,0.0,,,155.8,64.2,189.2,,,,,,
cache_opportunistic_b3_count_bajo,cache_opportunistic,degradada,57.6,64.4,178.1,1200.0,0.0,4.286,575.8,881.7,0.9571,2.0,2.0,2.0,15.0,0.0,0.28,36.0,0.0,0.0,,,,64.2,187.4,187.5,,,,,
cache_opportunistic_b3_count_bajo,cache_opportunistic,recuperacion,57.8,64.8,135.6,610.0,0.0,0.667,587.9,869.7,0.9533,2.0,1.0,1.0,0.0,0.0,0.86,4.0,0.0,0.0,,,166.0,64.2,64.2,64.2,,,,,
cache_opportunistic_b3_count_bajo,cache_opportunistic,transiciones,,,,,,,,,,,,,,,,,,,,,,,,,31.0,10.0,2.0,0.78,0.89
cache_opportunistic_b3_estampida_hr0.50,cache_opportunistic,sana,64.9,160.8,183.8,23993.0,0.0,1.912,84.4,826.7,0.5042,0.0,12.0,12.0,0.0,0.0,1.0,,0.0,0.0,,,164.7,64.3,189.3,189.3,,,,,
cache_opportunistic_b3_estampida_hr0.50,cache_opportunistic,degradada,57.7,64.6,183.3,24007.0,0.0,48.895,728.5,1660.5,0.5089,2.0,78.0,78.0,533.0,0.0,0.04,11208.0,0.0,0.0,,,160.8,64.3,64.9,65.0,,,,,
cache_opportunistic_b3_estampida_hr0.50,cache_opportunistic,recuperacion,62.7,156.8,182.1,12189.0,0.0,11.144,394.0,1030.9,0.4967,2.0,11.0,11.0,0.0,0.0,0.81,1169.0,0.0,0.0,,,164.0,64.3,185.0,183.6,,,,,
cache_opportunistic_b3_estampida_hr0.50,cache_opportunistic,transiciones,,,,,,,,,,,,,,,,,,,,,,,,,7.0,13.0,26.0,106.01,104.33
cache_opportunistic_b3_estampida_hr0.96,cache_opportunistic,sana,57.8,64.9,144.6,24002.0,0.0,0.185,416.3,852.5,0.9597,0.0,4.0,4.0,0.0,0.0,1.0,,0.0,0.0,,,163.4,64.3,189.2,189.2,,,,,
cache_opportunistic_b3_estampida_hr0.96,cache_opportunistic,degradada,57.5,64.3,64.9,24202.0,0.0,3.879,576.6,879.5,0.9607,2.0,8.0,8.0,47.0,0.0,0.06,891.0,0.0,0.0,,,178.8,64.3,64.9,177.4,,,,,
cache_opportunistic_b3_estampida_hr0.96,cache_opportunistic,recuperacion,57.7,64.7,135.8,12000.0,0.0,0.975,592.2,872.2,0.9599,2.0,3.0,3.0,0.0,0.0,0.77,106.0,0.0,0.0,,,162.1,64.3,182.0,182.2,,,,,
cache_opportunistic_b3_estampida_hr0.96,cache_opportunistic,transiciones,,,,,,,,,,,,,,,,,,,,,,,,,8.0,13.0,0.0,9.56,10.22
cache_opportunistic_b3_estampida_ttl2,cache_opportunistic,sana,58.1,114.3,166.8,24002.0,0.0,0.492,0.9,4.6,0.9247,0.0,5.0,5.0,0.0,0.0,1.0,,0.0,0.0,4.0,0.0,169.4,64.3,,189.2,,,,,
cache_opportunistic_b3_estampida_ttl2,cache_opportunistic,degradada,57.6,64.5,181.4,24006.0,0.0,99.424,62.9,276.3,0.0053,2.0,90.0,90.0,238.0,0.0,0.01,23463.0,0.0,0.0,4.2,0.0,,64.6,,64.5,,,,,
cache_opportunistic_b3_estampida_ttl2,cache_opportunistic,recuperacion,58.0,108.0,163.6,12200.0,0.0,12.992,1.3,204.6,0.8093,2.0,6.0,6.0,0.0,0.0,0.35,1522.0,0.0,0.0,4.0,0.0,169.1,64.2,,64.7,,,,,
cache_opportunistic_b3_estampida_ttl2,cache_opportunistic,transiciones,,,,,,,,,,,,,,,,,,,,,,,,,3.0,9.0,22.0,16.22,16.78
cache_opportunistic_b3_estampida_ttl2b,cache_opportunistic,sana,58.1,114.6,167.1,24199.0,0.0,0.483,0.9,4.6,0.9238,0.0,5.0,5.0,0.0,0.0,1.0,,0.0,0.0,3.1,0.0,169.6,64.3,,189.2,,,,,
cache_opportunistic_b3_estampida_ttl2b,cache_opportunistic,degradada,57.6,64.5,183.2,24002.0,0.0,99.643,64.2,276.4,0.0032,2.0,101.0,101.0,267.0,0.0,0.01,23506.0,0.181,0.0,4.1,0.0,,65.0,,64.5,,,,,
cache_opportunistic_b3_estampida_ttl2b,cache_opportunistic,recuperacion,58.0,108.8,164.2,12199.0,0.0,13.277,1.3,206.9,0.8064,2.0,6.0,6.0,0.0,0.0,0.34,1559.0,0.0,0.0,3.0,0.0,169.7,64.3,,64.7,,,,,
cache_opportunistic_b3_estampida_ttl2b,cache_opportunistic,transiciones,,,,,,,,,,,,,,,,,,,,,,,,,3.0,9.0,23.0,16.67,16.55
cache_opportunistic_b3_rate_alto,cache_opportunistic,sana,57.8,64.8,140.5,24002.0,0.0,0.147,417.7,852.4,0.9616,0.0,2.0,2.0,0.0,0.0,1.0,,0.0,0.0,,,164.1,64.3,189.2,189.2,,,,,
cache_opportunistic_b3_rate_alto,cache_opportunistic,degradada,57.5,64.3,64.9,24202.0,0.0,3.825,576.1,879.5,0.9613,2.0,8.0,8.0,51.0,0.0,0.06,871.0,0.0,0.0,,,167.5,64.3,178.4,65.0,,,,,
cache_opportunistic_b3_rate_alto,cache_opportunistic,recuperacion,57.7,64.7,136.2,12001.0,0.0,0.983,592.8,872.0,0.9621,2.0,3.0,3.0,0.0,0.0,0.76,107.0,0.0,0.0,,,167.5,64.3,179.1,183.8,,,,,
cache_opportunistic_b3_rate_alto,cache_opportunistic,transiciones,,,,,,,,,,,,,,,,,,,,,,,,,8.0,14.0,0.0,8.44,10.34
cache_opportunistic_b3_rate_bajo,cache_opportunistic,sana,57.8,64.9,146.9,1200.0,0.0,0.168,421.1,853.6,0.9546,0.0,1.0,1.0,0.0,0.0,1.0,,0.0,0.0,,,172.0,64.2,,189.2,,,,,
cache_opportunistic_b3_rate_bajo,cache_opportunistic,degradada,57.6,64.4,65.0,1200.0,0.0,3.445,574.0,878.3,0.9655,2.0,1.0,1.0,11.0,0.0,0.24,29.0,0.0,0.0,,,,64.2,185.0,188.0,,,,,
cache_opportunistic_b3_rate_bajo,cache_opportunistic,recuperacion,57.9,65.0,145.0,610.0,0.0,0.333,586.3,870.5,0.95,2.0,1.0,1.0,0.0,0.0,1.0,0.0,0.0,0.0,,,158.0,64.2,,189.2,,,,,
cache_opportunistic_b3_rate_bajo,cache_opportunistic,transiciones,,,,,,,,,,,,,,,,,,,,,,,,,14.0,5.0,0.0,0.89,1.0
cache_opportunistic_b4_degradado,cache_opportunistic,r20,57.5,64.3,64.9,2494.0,0.0,4.125,460.1,874.5,0.9588,2.0,1.0,1.0,7.0,0.0,0.07,96.0,0.0,0.0,4.2,0.0,,64.3,178.0,179.9,,,,,
cache_opportunistic_b4_degradado,cache_opportunistic,r50,57.5,64.3,64.9,6257.0,0.0,4.416,578.7,882.5,0.9559,2.0,1.0,1.0,7.0,0.0,0.03,269.0,0.0,0.0,4.5,0.0,,64.3,64.5,64.8,,,,,
cache_opportunistic_b4_degradado,cache_opportunistic,r100,57.5,64.3,64.9,12415.0,0.0,3.972,606.0,881.4,0.9603,2.0,1.0,1.0,8.0,0.0,0.02,485.0,0.0,0.0,4.3,0.0,,64.3,64.4,64.6,,,,,
cache_opportunistic_b4_degradado,cache_opportunistic,r200,57.5,64.3,64.9,23173.0,0.0,14.779,644.9,1454.6,0.8521,2.0,1.0,1.0,7.0,0.0,0.0,3418.0,0.0,0.0,4.0,0.0,,64.3,64.3,64.3,,,,,
cache_opportunistic_b4_sano,cache_opportunistic,r20,57.8,64.9,143.1,2542.0,0.0,0.159,424.5,853.5,0.9588,0.0,2.0,2.0,0.0,0.0,0.99,,0.0,0.0,4.6,0.0,165.1,64.3,,189.2,,,,,
cache_opportunistic_b4_sano,cache_opportunistic,r50,57.9,64.9,145.9,6203.0,0.0,0.211,557.1,866.4,0.9548,0.0,1.0,1.0,0.0,0.0,1.0,,0.0,0.0,4.5,0.0,167.3,64.3,189.2,189.2,,,,,
cache_opportunistic_b4_sano,cache_opportunistic,r100,57.8,64.8,142.5,12404.0,0.0,0.187,588.6,869.2,0.9613,0.0,2.0,2.0,0.0,0.0,1.0,,0.0,0.0,4.4,0.0,164.2,64.3,189.2,189.2,,,,,
cache_opportunistic_b4_sano,cache_opportunistic,r200,58.7,133.0,167.7,23195.0,0.0,0.478,550.2,867.6,0.8644,0.0,6.0,6.0,0.0,0.0,1.0,,0.0,0.0,4.0,0.0,165.1,64.3,189.2,189.2,,,,,
cache_opportunistic_b4b_degradado,cache_opportunistic,r20,57.5,64.3,64.9,2516.0,0.0,3.126,196.5,699.4,0.9688,2.0,1.0,1.0,7.0,0.0,0.09,72.0,0.0,0.0,4.5,0.0,,64.3,183.5,176.9,,,,,
cache_opportunistic_b4b_degradado,cache_opportunistic,r50,57.5,64.3,64.9,6193.0,0.0,3.892,511.8,876.4,0.9609,2.0,1.0,1.0,7.0,0.0,0.03,235.0,0.0,0.0,4.4,0.0,,64.3,64.6,64.7,,,,,
cache_opportunistic_b4b_degradado,cache_opportunistic,r100,57.5,64.3,64.9,12386.0,0.0,3.77,606.0,881.3,0.9622,2.0,1.0,1.0,8.0,0.0,0.02,460.0,0.0,0.0,4.2,0.0,,64.3,64.5,64.5,,,,,
cache_opportunistic_b4b_degradado,cache_opportunistic,r200,57.5,64.3,64.9,23236.0,0.0,3.663,605.6,880.7,0.9634,2.0,1.0,1.0,7.0,0.0,0.01,843.0,0.0,0.0,4.2,0.0,,64.3,64.4,64.3,,,,,
cache_opportunistic_b4b_sano,cache_opportunistic,r20,57.9,64.9,146.9,2500.0,0.0,0.282,185.8,551.7,0.9537,0.0,1.0,1.0,0.0,0.0,1.0,,0.0,0.0,4.6,0.0,161.6,64.3,189.2,189.2,,,,,
cache_opportunistic_b4b_sano,cache_opportunistic,r50,57.8,64.9,148.3,6167.0,0.0,0.18,482.4,859.1,0.9583,0.0,2.0,2.0,0.0,0.0,1.0,,0.0,0.0,4.6,0.0,166.9,64.3,189.2,189.2,,,,,
cache_opportunistic_b4b_sano,cache_opportunistic,r100,57.8,64.8,140.0,12432.0,0.0,0.154,588.5,869.4,0.9606,0.0,2.0,2.0,0.0,0.0,1.0,,0.0,0.0,4.5,0.0,162.3,64.3,189.2,189.2,,,,,
cache_opportunistic_b4b_sano,cache_opportunistic,r200,57.8,64.8,138.1,23136.0,0.0,0.131,588.8,869.3,0.9623,0.0,2.0,2.0,0.0,0.0,1.0,,0.0,0.0,4.3,0.0,163.7,64.3,189.2,189.2,,,,,
cache_opportunistic_b5_intermitente_count,cache_opportunistic,sana,57.8,64.8,139.7,24000.0,0.0,0.08,317.9,842.1,0.9599,0.0,3.0,3.0,0.0,0.0,1.0,,0.0,0.0,4.2,0.0,161.8,64.3,189.2,189.2,,,,,
cache_opportunistic_b5_intermitente_count,cache_opportunistic,degradada,57.8,64.9,178.5,24201.0,0.0,1.271,553.3,869.7,0.9593,0.0,8.0,8.0,285.0,0.0,1.0,,0.0,0.0,3.9,0.0,167.6,64.3,189.4,189.2,,,,,
cache_opportunistic_b5_intermitente_count,cache_opportunistic,recuperacion,57.8,64.8,138.6,12002.0,0.0,0.102,588.0,869.0,0.9606,0.0,3.0,3.0,1.0,0.0,1.0,,0.0,0.0,4.2,0.0,165.9,64.3,189.2,189.2,,,,,
cache_opportunistic_b5_intermitente_count,cache_opportunistic,transiciones,,,,,,,,,,,,,,,,,,,,,,,,,,0.0,0.0,10.67,10.11
cache_opportunistic_b5_intermitente_rate,cache_opportunistic,sana,57.8,64.9,142.4,23998.0,0.0,0.139,309.1,841.8,0.9594,0.0,3.0,3.0,0.0,0.0,1.0,,0.0,0.0,4.0,0.0,163.7,64.3,189.2,189.2,,,,,
cache_opportunistic_b5_intermitente_rate,cache_opportunistic,degradada,57.8,64.8,178.4,24200.0,0.0,1.267,552.9,869.6,0.9622,0.0,6.0,6.0,280.0,0.0,0.99,,0.0,0.0,4.2,0.0,163.8,64.3,189.2,189.2,,,,,
cache_opportunistic_b5_intermitente_rate,cache_opportunistic,recuperacion,57.8,64.8,139.8,12001.0,0.0,0.169,589.3,869.5,0.9631,0.0,3.0,3.0,0.0,0.0,1.0,,0.0,0.0,4.2,0.0,164.8,64.2,189.2,189.2,,,,,
cache_opportunistic_b5_intermitente_rate,cache_opportunistic,transiciones,,,,,,,,,,,,,,,,,,,,,,,,,,0.0,0.0,9.11,10.22
cache_singleflight_b3_estampida_hr0.50,cache_singleflight,sana,90.1,174.9,311.1,24006.0,0.0,3.97,99.6,847.5,0.4992,0.0,140.0,168.0,90.0,0.0,1.0,,2.285,0.231,,,165.1,65.0,525.5,467.5,,,,,
cache_singleflight_b3_estampida_hr0.50,cache_singleflight,degradada,57.7,64.7,183.6,24211.0,0.0,49.418,731.2,1662.7,0.5008,2.0,73.0,73.0,549.0,0.0,0.06,11397.0,0.0,0.0,,,167.8,64.3,64.9,65.0,,,,,
cache_singleflight_b3_estampida_hr0.50,cache_singleflight,recuperacion,62.6,158.4,183.2,11993.0,0.0,10.303,401.2,969.5,0.5116,2.0,10.0,10.0,0.0,0.0,0.82,1023.0,0.0,0.0,,,165.3,64.3,185.5,185.5,,,,,
cache_singleflight_b3_estampida_hr0.50,cache_singleflight,transiciones,,,,,,,,,,,,,,,,,,,,,,,,,8.0,12.0,26.0,102.99,111.88
cache_singleflight_b3_estampida_hr0.50b,cache_singleflight,sana,65.0,159.5,183.5,24005.0,0.0,1.748,74.8,812.5,0.5022,0.0,11.0,11.0,0.0,0.0,1.0,,0.0,0.0,4.3,0.0,164.0,64.3,189.3,189.2,,,,,
cache_singleflight_b3_estampida_hr0.50b,cache_singleflight,degradada,57.7,64.7,184.3,24208.0,0.0,49.063,722.2,1659.4,0.507,2.0,71.0,74.0,539.0,0.0,0.04,11271.0,0.004,0.0,3.6,0.0,166.0,64.3,177.1,64.9,,,,,
cache_singleflight_b3_estampida_hr0.50b,cache_singleflight,recuperacion,62.7,156.7,181.8,12190.0,0.0,10.375,390.4,924.1,0.5015,2.0,12.0,12.0,0.0,0.0,0.82,1087.0,0.0,0.0,4.0,0.0,164.0,64.3,184.6,184.3,,,,,
cache_singleflight_b3_estampida_hr0.50b,cache_singleflight,transiciones,,,,,,,,,,,,,,,,,,,,,,,,,7.0,12.0,25.0,102.9,103.91
cache_singleflight_b3_estampida_hr0.96,cache_singleflight,sana,57.8,64.8,142.6,23999.0,0.0,0.168,413.1,851.9,0.9606,0.0,3.0,3.0,0.0,0.0,1.0,,0.0,0.0,,,165.9,64.3,189.2,189.2,,,,,
cache_singleflight_b3_estampida_hr0.96,cache_singleflight,degradada,57.5,64.3,64.9,24002.0,0.0,4.164,576.6,880.4,0.958,2.0,7.0,7.0,61.0,0.0,0.06,939.0,0.0,0.0,,,169.7,64.3,178.3,177.5,,,,,
cache_singleflight_b3_estampida_hr0.96,cache_singleflight,recuperacion,57.7,64.7,136.8,12200.0,0.0,0.933,591.9,871.7,0.9603,2.0,3.0,3.0,0.0,0.0,0.79,100.0,0.0,0.0,,,165.1,64.3,181.3,184.9,,,,,
cache_singleflight_b3_estampida_hr0.96,cache_singleflight,transiciones,,,,,,,,,,,,,,,,,,,,,,,,,8.0,14.0,0.0,9.22,9.67
cache_singleflight_b3_estampida_ttl2,cache_singleflight,sana,58.1,103.9,154.9,24003.0,0.0,0.26,0.9,4.6,0.9223,0.0,3.0,3.0,0.0,753.0,0.6,,0.0,0.0,3.8,0.0,164.3,64.3,,189.2,,,,,
cache_singleflight_b3_estampida_ttl2,cache_singleflight,degradada,57.7,64.7,184.6,24203.0,0.0,98.495,62.3,276.2,0.011,2.0,18.0,18.0,80.0,595.0,0.0,23070.0,0.0,0.0,4.1,0.0,150.0,64.2,,64.7,,,,,
cache_singleflight_b3_estampida_ttl2,cache_singleflight,recuperacion,58.0,96.9,151.2,12001.0,0.0,15.127,1.5,219.5,0.7841,2.0,5.0,5.0,0.0,333.0,0.19,1777.0,0.0,0.0,4.2,0.0,164.1,64.3,,64.5,,,,,
cache_singleflight_b3_estampida_ttl2,cache_singleflight,transiciones,,,,,,,,,,,,,,,,,,,,,,,,,6.0,10.0,24.0,9.89,9.89
cache_singleflight_b3_estampida_ttl2b,cache_singleflight,sana,58.1,102.4,155.4,24001.0,0.0,0.248,0.9,4.6,0.9239,0.0,2.0,2.0,0.0,719.0,0.61,,0.0,0.0,4.1,0.0,165.2,64.3,,189.2,,,,,
cache_singleflight_b3_estampida_ttl2b,cache_singleflight,degradada,57.7,64.7,184.5,24002.0,0.0,98.744,61.5,276.1,0.0096,2.0,20.0,20.0,85.0,577.0,0.0,22963.0,0.0,0.0,3.8,0.0,,64.2,,64.7,,,,,
cache_singleflight_b3_estampida_ttl2b,cache_singleflight,recuperacion,58.0,94.4,151.0,12200.0,0.0,16.135,1.5,224.7,0.7767,2.0,5.0,5.0,0.0,308.0,0.18,1932.0,0.0,0.0,4.0,0.0,164.6,64.3,,64.4,,,,,
cache_singleflight_b3_estampida_ttl2b,cache_singleflight,transiciones,,,,,,,,,,,,,,,,,,,,,,,,,5.0,11.0,24.0,10.22,9.56
direct_b1_r1_caido,direct,sana,123.9,173.8,209.0,11998.0,0.0,0.0,0.0,0.0,,0.0,10.0,0.0,0.0,0.0,inf,,0.42,0.0,4.6,0.0,173.8,,,,,,,,
direct_b1_r1_caido,direct,degradada,57.6,64.4,80.9,12108.0,0.0,98.889,0.0,0.0,,2.0,8.0,0.0,516.0,0.0,inf,11430.0,0.008,0.0,4.6,0.0,170.0,,64.3,,,,,,
direct_b1_r1_caido,direct,recuperacion,120.4,172.5,205.0,5994.0,0.0,9.06,0.0,0.0,,2.0,9.0,0.0,0.0,0.0,inf,537.0,0.39,0.0,4.6,0.0,173.9,,64.2,,,,,,
direct_b1_r1_caido,direct,transiciones,,,,,,,,,,,,,,,,,,,,,,,,,8.0,7.0,20.0,100.37,100.57
direct_b1_r1_degradado,direct,sana,124.5,173.3,206.1,11998.0,0.0,0.0,0.0,0.0,,0.0,9.0,0.0,0.0,0.0,inf,,0.303,0.008,4.6,0.0,173.3,,,,,,,,
direct_b1_r1_degradado,direct,degradada,57.9,122.2,778.1,12105.0,0.0,98.941,0.0,0.0,,2.0,70.0,0.0,549.0,0.0,inf,11417.0,4.547,4.547,4.6,0.0,172.7,,64.9,,,,,,
direct_b1_r1_degradado,direct,recuperacion,116.5,169.5,202.1,5994.0,0.0,18.782,0.0,0.0,,2.0,9.0,0.0,0.0,0.0,inf,1120.0,0.356,0.0,4.6,0.0,172.9,,64.2,,,,,,
direct_b1_r1_degradado,direct,transiciones,,,,,,,,,,,,,,,,,,,,,,,,,8.0,13.0,26.0,100.33,100.68
direct_b1_r1_lento,direct,sana,124.4,173.4,208.5,12003.0,0.0,0.0,0.0,0.0,,0.0,9.0,0.0,0.0,0.0,inf,,0.445,0.0,,,173.4,,,,,,,,
direct_b1_r1_lento,direct,degradada,448.8,545.4,654.9,11967.0,0.0,0.0,0.0,0.0,,0.0,62.0,0.0,0.0,0.0,inf,,99.84,34.103,,,545.4,,,,,,,,
direct_b1_r1_lento,direct,recuperacion,125.2,180.5,316.0,6132.0,0.0,0.0,0.0,0.0,,0.0,40.0,0.0,0.0,0.0,inf,,1.592,0.216,,,180.5,,,,,,,,
direct_b1_r1_lento,direct,transiciones,,,,,,,,,,,,,,,,,,,,,,,,,,0.0,0.0,103.77,100.44
direct_b1_r1_sano,direct,sana,124.2,174.6,210.5,12002.0,0.0,0.0,0.0,0.0,,0.0,10.0,0.0,0.0,0.0,inf,,0.471,0.025,4.6,0.0,174.6,,,,,,,,
direct_b1_r1_sano,direct,degradada,124.1,174.1,208.1,12000.0,0.0,0.0,0.0,0.0,,0.0,10.0,0.0,0.0,0.0,inf,,0.412,0.0,4.6,0.0,174.1,,,,,,,,
direct_b1_r1_sano,direct,recuperacion,124.4,173.5,211.3,6098.0,0.0,0.0,0.0,0.0,,0.0,9.0,0.0,0.0,0.0,inf,,0.383,0.0,4.5,0.0,173.5,,,,,,,,
direct_b1_r1_sano,direct,transiciones,,,,,,,,,,,,,,,,,,,,,,,,,,0.0,0.0,100.34,100.44
direct_b1_r1_sin_respuesta,direct,sana,124.8,174.5,209.9,11999.0,0.0,0.0,0.0,0.0,,0.0,9.0,0.0,0.0,0.0,inf,,0.462,0.0,4.5,0.0,174.5,,,,,,,,
direct_b1_r1_sin_respuesta,direct,degradada,57.9,64.9,776.5,12009.0,0.0,99.431,0.0,0.0,,2.0,70.0,0.0,549.0,0.0,inf,11402.0,4.255,4.255,4.6,0.0,184.0,,64.9,,,,,,
direct_b1_r1_sin_respuesta,direct,recuperacion,116.5,169.6,197.4,6093.0,0.0,19.206,0.0,0.0,,2.0,10.0,0.0,0.0,0.0,inf,1164.0,0.234,0.0,4.6,0.0,172.8,,64.2,,,,,,
direct_b1_r1_sin_respuesta,direct,transiciones,,,,,,,,,,,,,,,,,,,,,,,,,7.0,13.0,26.0,100.24,100.34
