timestamp,name,cpu_perc,mem_usage
2026-09-11T02:15:15Z,ha08-api,2.17%,124.9MiB / 1GiB
2026-09-11T02:15:15Z,ha08-simulator,0.98%,22.34MiB / 512MiB
2026-09-11T02:15:15Z,ha08-projector,0.64%,31.2MiB / 512MiB
2026-09-11T02:15:15Z,ha08-postgres,2.09%,90.12MiB / 2GiB
2026-09-11T02:15:15Z,ha08-redis,0.97%,30.23MiB / 512MiB
2026-09-11T02:15:15Z,ha08-prometheus,0.01%,111.9MiB / 512MiB
2026-09-11T02:15:15Z,ha08-grafana,0.84%,220.1MiB / 512MiB
2026-09-11T02:15:15Z,ha08-redpanda,0.86%,932.5MiB / 1GiB
2026-09-11T02:15:27Z,ha08-api,5.09%,125MiB / 1GiB
2026-09-11T02:15:27Z,ha08-simulator,1.70%,22.41MiB / 512MiB
2026-09-11T02:15:27Z,ha08-projector,1.17%,31.2MiB / 512MiB
2026-09-11T02:15:27Z,ha08-postgres,3.67%,99.55MiB / 2GiB
2026-09-11T02:15:27Z,ha08-redis,1.54%,30.34MiB / 512MiB
2026-09-11T02:15:27Z,ha08-prometheus,0.00%,111.9MiB / 512MiB
2026-09-11T02:15:27Z,ha08-grafana,0.06%,220.1MiB / 512MiB
2026-09-11T02:15:27Z,ha08-redpanda,1.91%,932.5MiB / 1GiB
2026-09-11T02:15:39Z,ha08-api,3.37%,125MiB / 1GiB
2026-09-11T02:15:39Z,ha08-simulator,1.28%,22.42MiB / 512MiB
2026-09-11T02:15:39Z,ha08-projector,1.04%,31.21MiB / 512MiB
2026-09-11T02:15:39Z,ha08-postgres,3.97%,107.9MiB / 2GiB
2026-09-11T02:15:39Z,ha08-redis,1.96%,30.42MiB / 512MiB
2026-09-11T02:15:39Z,ha08-prometheus,0.34%,111.9MiB / 512MiB
2026-09-11T02:15:39Z,ha08-grafana,0.05%,220.1MiB / 512MiB
2026-09-11T02:15:39Z,ha08-redpanda,1.24%,932.5MiB / 1GiB
2026-09-11T02:15:51Z,ha08-api,3.24%,125MiB / 1GiB
2026-09-11T02:15:51Z,ha08-simulator,1.41%,22.43MiB / 512MiB
2026-09-11T02:15:51Z,ha08-projector,0.88%,31.2MiB / 512MiB
2026-09-11T02:15:51Z,ha08-postgres,2.80%,113.6MiB / 2GiB
2026-09-11T02:15:51Z,ha08-redis,0.88%,30.44MiB / 512MiB
2026-09-11T02:15:51Z,ha08-prometheus,0.00%,111.9MiB / 512MiB
2026-09-11T02:15:51Z,ha08-grafana,0.52%,220.1MiB / 512MiB
2026-09-11T02:15:51Z,ha08-redpanda,8.04%,932.6MiB / 1GiB
2026-09-11T02:16:04Z,ha08-api,4.80%,125MiB / 1GiB
2026-09-11T02:16:04Z,ha08-simulator,1.47%,22.44MiB / 512MiB
2026-09-11T02:16:04Z,ha08-projector,1.13%,31.2MiB / 512MiB
2026-09-11T02:16:04Z,ha08-postgres,4.26%,118.3MiB / 2GiB
2026-09-11T02:16:04Z,ha08-redis,1.81%,30.44MiB / 512MiB
2026-09-11T02:16:04Z,ha08-prometheus,0.15%,111.2MiB / 512MiB
2026-09-11T02:16:04Z,ha08-grafana,0.11%,220.1MiB / 512MiB
2026-09-11T02:16:04Z,ha08-redpanda,1.41%,932.5MiB / 1GiB
2026-09-11T02:16:17Z,ha08-api,20.85%,125.1MiB / 1GiB
2026-09-11T02:16:17Z,ha08-simulator,1.14%,22.45MiB / 512MiB
2026-09-11T02:16:17Z,ha08-projector,1.02%,31.2MiB / 512MiB
2026-09-11T02:16:17Z,ha08-postgres,2.11%,121.3MiB / 2GiB
2026-09-11T02:16:17Z,ha08-redis,0.65%,30.43MiB / 512MiB
2026-09-11T02:16:17Z,ha08-prometheus,0.00%,111.2MiB / 512MiB
2026-09-11T02:16:17Z,ha08-grafana,0.05%,220.1MiB / 512MiB
2026-09-11T02:16:17Z,ha08-redpanda,1.40%,932.5MiB / 1GiB
2026-09-11T02:16:29Z,ha08-api,2.95%,125.1MiB / 1GiB
2026-09-11T02:16:29Z,ha08-simulator,1.45%,22.45MiB / 512MiB
2026-09-11T02:16:29Z,ha08-projector,1.58%,31.2MiB / 512MiB
2026-09-11T02:16:29Z,ha08-postgres,4.17%,123.7MiB / 2GiB
2026-09-11T02:16:29Z,ha08-redis,2.48%,30.46MiB / 512MiB
2026-09-11T02:16:29Z,ha08-prometheus,0.26%,111.2MiB / 512MiB
2026-09-11T02:16:29Z,ha08-grafana,0.09%,220.1MiB / 512MiB
2026-09-11T02:16:29Z,ha08-redpanda,1.09%,932.5MiB / 1GiB
2026-09-11T02:16:41Z,ha08-api,4.27%,125.3MiB / 1GiB
2026-09-11T02:16:41Z,ha08-simulator,1.22%,22.46MiB / 512MiB
2026-09-11T02:16:41Z,ha08-projector,0.78%,31.2MiB / 512MiB
2026-09-11T02:16:41Z,ha08-postgres,2.08%,125.8MiB / 2GiB
2026-09-11T02:16:41Z,ha08-redis,1.00%,30.48MiB / 512MiB
2026-09-11T02:16:41Z,ha08-prometheus,0.00%,111.2MiB / 512MiB
2026-09-11T02:16:41Z,ha08-grafana,0.03%,220.1MiB / 512MiB
2026-09-11T02:16:41Z,ha08-redpanda,1.36%,932.5MiB / 1GiB
2026-09-11T02:16:54Z,ha08-api,3.34%,125.1MiB / 1GiB
2026-09-11T02:16:54Z,ha08-simulator,1.38%,22.72MiB / 512MiB
2026-09-11T02:16:54Z,ha08-projector,0.91%,31.2MiB / 512MiB
2026-09-11T02:16:54Z,ha08-postgres,3.54%,127.8MiB / 2GiB
2026-09-11T02:16:54Z,ha08-redis,2.34%,30.53MiB / 512MiB
2026-09-11T02:16:54Z,ha08-prometheus,0.00%,111.2MiB / 512MiB
2026-09-11T02:16:54Z,ha08-grafana,0.05%,220.1MiB / 512MiB
2026-09-11T02:16:54Z,ha08-redpanda,1.55%,932.8MiB / 1GiB
2026-09-11T02:17:07Z,ha08-api,4.72%,125.1MiB / 1GiB
2026-09-11T02:17:07Z,ha08-simulator,1.60%,22.48MiB / 512MiB
2026-09-11T02:17:07Z,ha08-projector,1.14%,31.2MiB / 512MiB
2026-09-11T02:17:07Z,ha08-postgres,2.95%,129.6MiB / 2GiB
2026-09-11T02:17:07Z,ha08-redis,1.53%,30.53MiB / 512MiB
2026-09-11T02:17:07Z,ha08-prometheus,0.00%,111.2MiB / 512MiB
2026-09-11T02:17:07Z,ha08-grafana,0.40%,220.1MiB / 512MiB
2026-09-11T02:17:07Z,ha08-redpanda,1.18%,932.5MiB / 1GiB
2026-09-11T02:17:19Z,ha08-api,18.94%,136.9MiB / 1GiB
2026-09-11T02:17:19Z,ha08-simulator,1.32%,22.49MiB / 512MiB
2026-09-11T02:17:19Z,ha08-projector,0.89%,31.2MiB / 512MiB
2026-09-11T02:17:19Z,ha08-postgres,2.48%,131.2MiB / 2GiB
2026-09-11T02:17:19Z,ha08-redis,1.65%,30.79MiB / 512MiB
2026-09-11T02:17:19Z,ha08-prometheus,0.35%,111.4MiB / 512MiB
2026-09-11T02:17:19Z,ha08-grafana,0.15%,220.1MiB / 512MiB
2026-09-11T02:17:19Z,ha08-redpanda,1.30%,932.5MiB / 1GiB
2026-09-11T02:17:31Z,ha08-api,4.18%,125.1MiB / 1GiB
2026-09-11T02:17:31Z,ha08-simulator,1.48%,22.5MiB / 512MiB
2026-09-11T02:17:31Z,ha08-projector,1.16%,31.2MiB / 512MiB
2026-09-11T02:17:31Z,ha08-postgres,2.46%,132.5MiB / 2GiB
2026-09-11T02:17:31Z,ha08-redis,1.39%,30.57MiB / 512MiB
2026-09-11T02:17:31Z,ha08-prometheus,0.00%,111.8MiB / 512MiB
2026-09-11T02:17:31Z,ha08-grafana,0.08%,220.1MiB / 512MiB
2026-09-11T02:17:31Z,ha08-redpanda,1.57%,932.6MiB / 1GiB
2026-09-11T02:17:44Z,ha08-api,5.01%,125.1MiB / 1GiB
2026-09-11T02:17:44Z,ha08-simulator,0.93%,22.5MiB / 512MiB
2026-09-11T02:17:44Z,ha08-projector,1.17%,31.2MiB / 512MiB
2026-09-11T02:17:44Z,ha08-postgres,2.50%,134MiB / 2GiB
2026-09-11T02:17:44Z,ha08-redis,1.40%,30.74MiB / 512MiB
2026-09-11T02:17:44Z,ha08-prometheus,0.11%,112.5MiB / 512MiB
2026-09-11T02:17:44Z,ha08-grafana,0.04%,220.1MiB / 512MiB
2026-09-11T02:17:44Z,ha08-redpanda,1.90%,932.5MiB / 1GiB
2026-09-11T02:17:57Z,ha08-api,21.18%,125.2MiB / 1GiB
2026-09-11T02:17:57Z,ha08-simulator,1.71%,22.52MiB / 512MiB
2026-09-11T02:17:57Z,ha08-projector,1.15%,31.2MiB / 512MiB
2026-09-11T02:17:57Z,ha08-postgres,2.57%,136.4MiB / 2GiB
2026-09-11T02:17:57Z,ha08-redis,1.35%,31.14MiB / 512MiB
2026-09-11T02:17:57Z,ha08-prometheus,0.00%,112.9MiB / 512MiB
2026-09-11T02:17:57Z,ha08-grafana,0.10%,220.1MiB / 512MiB
2026-09-11T02:17:57Z,ha08-redpanda,1.45%,932.5MiB / 1GiB
2026-09-11T02:18:09Z,ha08-api,4.53%,125.1MiB / 1GiB
2026-09-11T02:18:09Z,ha08-simulator,1.49%,22.52MiB / 512MiB
2026-09-11T02:18:09Z,ha08-projector,1.06%,31.2MiB / 512MiB
2026-09-11T02:18:09Z,ha08-postgres,2.62%,137.6MiB / 2GiB
2026-09-11T02:18:09Z,ha08-redis,1.14%,31.57MiB / 512MiB
2026-09-11T02:18:09Z,ha08-prometheus,0.35%,113.2MiB / 512MiB
2026-09-11T02:18:09Z,ha08-grafana,0.03%,220.1MiB / 512MiB
2026-09-11T02:18:09Z,ha08-redpanda,1.31%,932.5MiB / 1GiB
2026-09-11T02:18:21Z,ha08-api,17.67%,138.1MiB / 1GiB
2026-09-11T02:18:21Z,ha08-simulator,1.43%,22.53MiB / 512MiB
2026-09-11T02:18:21Z,ha08-projector,1.12%,31.2MiB / 512MiB
2026-09-11T02:18:21Z,ha08-postgres,2.99%,139MiB / 2GiB
2026-09-11T02:18:21Z,ha08-redis,1.35%,31.96MiB / 512MiB
2026-09-11T02:18:21Z,ha08-prometheus,0.00%,113.2MiB / 512MiB
2026-09-11T02:18:21Z,ha08-grafana,0.61%,220.1MiB / 512MiB
2026-09-11T02:18:21Z,ha08-redpanda,1.41%,932.5MiB / 1GiB
2026-09-11T02:18:34Z,ha08-api,3.02%,125.2MiB / 1GiB
2026-09-11T02:18:34Z,ha08-simulator,1.48%,22.54MiB / 512MiB
2026-09-11T02:18:34Z,ha08-projector,1.15%,31.21MiB / 512MiB
2026-09-11T02:18:34Z,ha08-postgres,2.50%,140.2MiB / 2GiB
2026-09-11T02:18:34Z,ha08-redis,1.27%,32.41MiB / 512MiB
2026-09-11T02:18:34Z,ha08-prometheus,0.35%,113.2MiB / 512MiB
2026-09-11T02:18:34Z,ha08-grafana,0.07%,220.1MiB / 512MiB
2026-09-11T02:18:34Z,ha08-redpanda,5.08%,932.7MiB / 1GiB
2026-09-11T02:18:47Z,ha08-api,3.95%,125.2MiB / 1GiB
2026-09-11T02:18:47Z,ha08-simulator,1.37%,22.41MiB / 512MiB
2026-09-11T02:18:47Z,ha08-projector,1.25%,31.2MiB / 512MiB
2026-09-11T02:18:47Z,ha08-postgres,2.27%,141.3MiB / 2GiB
2026-09-11T02:18:47Z,ha08-redis,0.87%,32.84MiB / 512MiB
2026-09-11T02:18:47Z,ha08-prometheus,0.00%,113.2MiB / 512MiB
2026-09-11T02:18:47Z,ha08-grafana,0.11%,220.1MiB / 512MiB
2026-09-11T02:18:47Z,ha08-redpanda,1.40%,932.5MiB / 1GiB
2026-09-11T02:18:59Z,ha08-api,20.85%,125.2MiB / 1GiB
2026-09-11T02:18:59Z,ha08-simulator,1.17%,22.7MiB / 512MiB
2026-09-11T02:18:59Z,ha08-projector,0.87%,31.2MiB / 512MiB
2026-09-11T02:18:59Z,ha08-postgres,1.97%,142.4MiB / 2GiB
2026-09-11T02:18:59Z,ha08-redis,1.37%,33.28MiB / 512MiB
2026-09-11T02:18:59Z,ha08-prometheus,0.18%,113.2MiB / 512MiB
2026-09-11T02:18:59Z,ha08-grafana,0.01%,219.9MiB / 512MiB
2026-09-11T02:18:59Z,ha08-redpanda,1.17%,932.5MiB / 1GiB
2026-09-11T02:19:11Z,ha08-api,5.45%,125.7MiB / 1GiB
2026-09-11T02:19:11Z,ha08-simulator,1.27%,22.72MiB / 512MiB
2026-09-11T02:19:11Z,ha08-projector,1.02%,31.2MiB / 512MiB
2026-09-11T02:19:11Z,ha08-postgres,2.55%,143.5MiB / 2GiB
2026-09-11T02:19:11Z,ha08-redis,1.65%,33.69MiB / 512MiB
2026-09-11T02:19:11Z,ha08-prometheus,0.00%,113.2MiB / 512MiB
2026-09-11T02:19:11Z,ha08-grafana,0.03%,219.9MiB / 512MiB
2026-09-11T02:19:11Z,ha08-redpanda,1.33%,932.5MiB / 1GiB
2026-09-11T02:19:24Z,ha08-api,4.12%,125.2MiB / 1GiB
2026-09-11T02:19:24Z,ha08-simulator,1.30%,22.73MiB / 512MiB
2026-09-11T02:19:24Z,ha08-projector,1.18%,31.2MiB / 512MiB
2026-09-11T02:19:24Z,ha08-postgres,2.05%,144.5MiB / 2GiB
2026-09-11T02:19:24Z,ha08-redis,1.08%,34.11MiB / 512MiB
2026-09-11T02:19:24Z,ha08-prometheus,0.24%,113.2MiB / 512MiB
2026-09-11T02:19:24Z,ha08-grafana,3.54%,219.9MiB / 512MiB
2026-09-11T02:19:24Z,ha08-redpanda,1.31%,932.6MiB / 1GiB
2026-09-11T02:19:37Z,ha08-api,5.53%,125.2MiB / 1GiB
2026-09-11T02:19:37Z,ha08-simulator,1.77%,22.74MiB / 512MiB
2026-09-11T02:19:37Z,ha08-projector,1.09%,31.2MiB / 512MiB
2026-09-11T02:19:37Z,ha08-postgres,2.55%,146MiB / 2GiB
2026-09-11T02:19:37Z,ha08-redis,1.19%,34.6MiB / 512MiB
2026-09-11T02:19:37Z,ha08-prometheus,0.00%,113.2MiB / 512MiB
2026-09-11T02:19:37Z,ha08-grafana,0.09%,219.9MiB / 512MiB
2026-09-11T02:19:37Z,ha08-redpanda,1.43%,932.5MiB / 1GiB
2026-09-11T02:19:49Z,ha08-api,5.90%,125.5MiB / 1GiB
2026-09-11T02:19:49Z,ha08-simulator,1.68%,22.75MiB / 512MiB
2026-09-11T02:19:49Z,ha08-projector,1.16%,31.2MiB / 512MiB
2026-09-11T02:19:49Z,ha08-postgres,3.99%,147.6MiB / 2GiB
2026-09-11T02:19:49Z,ha08-redis,1.33%,35.29MiB / 512MiB
2026-09-11T02:19:49Z,ha08-prometheus,0.39%,113.2MiB / 512MiB
2026-09-11T02:19:49Z,ha08-grafana,0.17%,219.9MiB / 512MiB
2026-09-11T02:19:49Z,ha08-redpanda,1.70%,932.6MiB / 1GiB
2026-09-11T02:20:01Z,ha08-api,16.01%,125.3MiB / 1GiB
2026-09-11T02:20:01Z,ha08-simulator,1.14%,22.76MiB / 512MiB
2026-09-11T02:20:01Z,ha08-projector,1.10%,31.2MiB / 512MiB
2026-09-11T02:20:01Z,ha08-postgres,2.39%,145.7MiB / 2GiB
2026-09-11T02:20:01Z,ha08-redis,1.23%,35.59MiB / 512MiB
2026-09-11T02:20:01Z,ha08-prometheus,0.00%,112.4MiB / 512MiB
2026-09-11T02:20:01Z,ha08-grafana,0.03%,219.9MiB / 512MiB
2026-09-11T02:20:01Z,ha08-redpanda,1.25%,932.5MiB / 1GiB
2026-09-11T02:20:14Z,ha08-api,3.07%,125.3MiB / 1GiB
2026-09-11T02:20:14Z,ha08-simulator,1.05%,22.77MiB / 512MiB
2026-09-11T02:20:14Z,ha08-projector,0.85%,31.2MiB / 512MiB
2026-09-11T02:20:14Z,ha08-postgres,2.69%,147MiB / 2GiB
2026-09-11T02:20:14Z,ha08-redis,0.62%,36.28MiB / 512MiB
2026-09-11T02:20:14Z,ha08-prometheus,0.09%,112.4MiB / 512MiB
2026-09-11T02:20:14Z,ha08-grafana,0.17%,219.9MiB / 512MiB
2026-09-11T02:20:14Z,ha08-redpanda,4.49%,932.5MiB / 1GiB
2026-09-11T02:20:27Z,ha08-api,23.25%,125.6MiB / 1GiB
2026-09-11T02:20:27Z,ha08-simulator,1.18%,22.77MiB / 512MiB
2026-09-11T02:20:27Z,ha08-projector,0.82%,31.2MiB / 512MiB
2026-09-11T02:20:27Z,ha08-postgres,2.48%,149.6MiB / 2GiB
2026-09-11T02:20:27Z,ha08-redis,1.29%,36.83MiB / 512MiB
2026-09-11T02:20:27Z,ha08-prometheus,0.00%,112.4MiB / 512MiB
2026-09-11T02:20:27Z,ha08-grafana,0.53%,219.9MiB / 512MiB
2026-09-11T02:20:27Z,ha08-redpanda,0.95%,932.5MiB / 1GiB
2026-09-11T02:20:39Z,ha08-api,7.12%,125.5MiB / 1GiB
2026-09-11T02:20:39Z,ha08-simulator,1.65%,22.79MiB / 512MiB
2026-09-11T02:20:39Z,ha08-projector,1.01%,31.2MiB / 512MiB
2026-09-11T02:20:39Z,ha08-postgres,3.03%,151MiB / 2GiB
2026-09-11T02:20:39Z,ha08-redis,1.41%,37.04MiB / 512MiB
2026-09-11T02:20:39Z,ha08-prometheus,0.47%,112.4MiB / 512MiB
2026-09-11T02:20:39Z,ha08-grafana,0.10%,219.9MiB / 512MiB
2026-09-11T02:20:39Z,ha08-redpanda,1.68%,932.5MiB / 1GiB
2026-09-11T02:20:51Z,ha08-api,5.42%,125.5MiB / 1GiB
2026-09-11T02:20:51Z,ha08-simulator,1.25%,22.79MiB / 512MiB
2026-09-11T02:20:51Z,ha08-projector,0.94%,31.2MiB / 512MiB
2026-09-11T02:20:51Z,ha08-postgres,5.67%,152.2MiB / 2GiB
2026-09-11T02:20:51Z,ha08-redis,1.70%,37.48MiB / 512MiB
2026-09-11T02:20:51Z,ha08-prometheus,0.00%,110.8MiB / 512MiB
2026-09-11T02:20:51Z,ha08-grafana,0.14%,219.9MiB / 512MiB
2026-09-11T02:20:51Z,ha08-redpanda,1.34%,932.5MiB / 1GiB
2026-09-11T02:21:04Z,ha08-api,21.41%,125.6MiB / 1GiB
2026-09-11T02:21:04Z,ha08-simulator,1.45%,22.8MiB / 512MiB
2026-09-11T02:21:04Z,ha08-projector,0.87%,31.2MiB / 512MiB
2026-09-11T02:21:04Z,ha08-postgres,2.78%,153.7MiB / 2GiB
2026-09-11T02:21:04Z,ha08-redis,0.88%,37.65MiB / 512MiB
2026-09-11T02:21:04Z,ha08-prometheus,0.10%,110.8MiB / 512MiB
2026-09-11T02:21:04Z,ha08-grafana,0.02%,219.9MiB / 512MiB
2026-09-11T02:21:04Z,ha08-redpanda,5.18%,932.7MiB / 1GiB
2026-09-11T02:21:17Z,ha08-api,5.38%,125.6MiB / 1GiB
2026-09-11T02:21:17Z,ha08-simulator,1.03%,22.81MiB / 512MiB
2026-09-11T02:21:17Z,ha08-projector,1.03%,31.2MiB / 512MiB
2026-09-11T02:21:17Z,ha08-postgres,5.17%,155.6MiB / 2GiB
2026-09-11T02:21:17Z,ha08-redis,2.64%,38.09MiB / 512MiB
2026-09-11T02:21:17Z,ha08-prometheus,0.17%,110.8MiB / 512MiB
2026-09-11T02:21:17Z,ha08-grafana,0.03%,219.9MiB / 512MiB
2026-09-11T02:21:17Z,ha08-redpanda,1.28%,932.5MiB / 1GiB
2026-09-11T02:21:29Z,ha08-api,6.29%,125.6MiB / 1GiB
2026-09-11T02:21:29Z,ha08-simulator,1.35%,22.82MiB / 512MiB
2026-09-11T02:21:29Z,ha08-projector,0.94%,31.2MiB / 512MiB
2026-09-11T02:21:29Z,ha08-postgres,4.67%,157.5MiB / 2GiB
2026-09-11T02:21:29Z,ha08-redis,1.75%,38.77MiB / 512MiB
2026-09-11T02:21:29Z,ha08-prometheus,0.99%,110.8MiB / 512MiB
2026-09-11T02:21:29Z,ha08-grafana,0.03%,219.9MiB / 512MiB
2026-09-11T02:21:29Z,ha08-redpanda,1.17%,932.5MiB / 1GiB
2026-09-11T02:21:41Z,ha08-api,5.86%,125.6MiB / 1GiB
2026-09-11T02:21:41Z,ha08-simulator,1.69%,22.82MiB / 512MiB
2026-09-11T02:21:41Z,ha08-projector,0.97%,31.2MiB / 512MiB
2026-09-11T02:21:41Z,ha08-postgres,4.80%,159MiB / 2GiB
2026-09-11T02:21:41Z,ha08-redis,2.45%,39.04MiB / 512MiB
2026-09-11T02:21:41Z,ha08-prometheus,0.00%,110.8MiB / 512MiB
2026-09-11T02:21:41Z,ha08-grafana,0.01%,219.9MiB / 512MiB
2026-09-11T02:21:41Z,ha08-redpanda,0.96%,932.5MiB / 1GiB
2026-09-11T02:21:54Z,ha08-api,6.53%,125.9MiB / 1GiB
2026-09-11T02:21:54Z,ha08-simulator,0.87%,22.83MiB / 512MiB
2026-09-11T02:21:54Z,ha08-projector,0.86%,31.21MiB / 512MiB
2026-09-11T02:21:54Z,ha08-postgres,2.85%,160.2MiB / 2GiB
2026-09-11T02:21:54Z,ha08-redis,1.81%,39.62MiB / 512MiB
2026-09-11T02:21:54Z,ha08-prometheus,0.24%,110.8MiB / 512MiB
2026-09-11T02:21:54Z,ha08-grafana,0.06%,219.9MiB / 512MiB
2026-09-11T02:21:54Z,ha08-redpanda,1.41%,932.5MiB / 1GiB
2026-09-11T02:22:07Z,ha08-api,22.01%,125.6MiB / 1GiB
2026-09-11T02:22:07Z,ha08-simulator,0.80%,22.83MiB / 512MiB
2026-09-11T02:22:07Z,ha08-projector,1.21%,31.24MiB / 512MiB
2026-09-11T02:22:07Z,ha08-postgres,3.98%,162.6MiB / 2GiB
2026-09-11T02:22:07Z,ha08-redis,2.20%,40.14MiB / 512MiB
2026-09-11T02:22:07Z,ha08-prometheus,0.00%,110.8MiB / 512MiB
2026-09-11T02:22:07Z,ha08-grafana,0.05%,219.9MiB / 512MiB
2026-09-11T02:22:07Z,ha08-redpanda,0.82%,932.5MiB / 1GiB
2026-09-11T02:22:19Z,ha08-api,7.19%,125.6MiB / 1GiB
2026-09-11T02:22:19Z,ha08-simulator,1.69%,22.83MiB / 512MiB
2026-09-11T02:22:19Z,ha08-projector,1.15%,31.21MiB / 512MiB
2026-09-11T02:22:19Z,ha08-postgres,4.24%,164.4MiB / 2GiB
2026-09-11T02:22:19Z,ha08-redis,1.49%,40.99MiB / 512MiB
2026-09-11T02:22:19Z,ha08-prometheus,0.32%,110.8MiB / 512MiB
2026-09-11T02:22:19Z,ha08-grafana,0.18%,219.9MiB / 512MiB
2026-09-11T02:22:19Z,ha08-redpanda,2.31%,932.5MiB / 1GiB
2026-09-11T02:22:31Z,ha08-api,7.84%,125.9MiB / 1GiB
2026-09-11T02:22:31Z,ha08-simulator,1.89%,22.83MiB / 512MiB
2026-09-11T02:22:31Z,ha08-projector,1.06%,31.21MiB / 512MiB
2026-09-11T02:22:31Z,ha08-postgres,3.68%,165.7MiB / 2GiB
2026-09-11T02:22:31Z,ha08-redis,1.76%,41.53MiB / 512MiB
2026-09-11T02:22:31Z,ha08-prometheus,0.00%,110.8MiB / 512MiB
2026-09-11T02:22:31Z,ha08-grafana,0.06%,219.9MiB / 512MiB
2026-09-11T02:22:31Z,ha08-redpanda,1.48%,932.6MiB / 1GiB
2026-09-11T02:22:44Z,ha08-api,8.04%,125.6MiB / 1GiB
2026-09-11T02:22:44Z,ha08-simulator,0.92%,22.83MiB / 512MiB
2026-09-11T02:22:44Z,ha08-projector,1.09%,31.21MiB / 512MiB
2026-09-11T02:22:44Z,ha08-postgres,2.82%,167.9MiB / 2GiB
2026-09-11T02:22:44Z,ha08-redis,1.35%,42.61MiB / 512MiB
2026-09-11T02:22:44Z,ha08-prometheus,0.25%,110.8MiB / 512MiB
2026-09-11T02:22:44Z,ha08-grafana,0.05%,219.9MiB / 512MiB
2026-09-11T02:22:44Z,ha08-redpanda,1.81%,932.8MiB / 1GiB
2026-09-11T02:22:57Z,ha08-api,10.14%,125.6MiB / 1GiB
2026-09-11T02:22:57Z,ha08-simulator,1.21%,22.83MiB / 512MiB
2026-09-11T02:22:57Z,ha08-projector,1.10%,31.24MiB / 512MiB
2026-09-11T02:22:57Z,ha08-postgres,3.43%,169.7MiB / 2GiB
2026-09-11T02:22:57Z,ha08-redis,1.44%,43.32MiB / 512MiB
2026-09-11T02:22:57Z,ha08-prometheus,0.52%,111.1MiB / 512MiB
2026-09-11T02:22:57Z,ha08-grafana,0.02%,219.9MiB / 512MiB
2026-09-11T02:22:57Z,ha08-redpanda,0.99%,932.6MiB / 1GiB
2026-09-11T02:23:09Z,ha08-api,25.73%,125.9MiB / 1GiB
2026-09-11T02:23:09Z,ha08-simulator,0.79%,22.83MiB / 512MiB
2026-09-11T02:23:09Z,ha08-projector,0.77%,31.21MiB / 512MiB
2026-09-11T02:23:09Z,ha08-postgres,2.38%,171.1MiB / 2GiB
2026-09-11T02:23:09Z,ha08-redis,1.16%,44.13MiB / 512MiB
2026-09-11T02:23:09Z,ha08-prometheus,0.46%,110.8MiB / 512MiB
2026-09-11T02:23:09Z,ha08-grafana,0.03%,219.9MiB / 512MiB
2026-09-11T02:23:09Z,ha08-redpanda,1.21%,932.6MiB / 1GiB
2026-09-11T02:23:22Z,ha08-api,10.66%,125.9MiB / 1GiB
2026-09-11T02:23:22Z,ha08-simulator,1.31%,22.83MiB / 512MiB
2026-09-11T02:23:22Z,ha08-projector,0.99%,31.21MiB / 512MiB
2026-09-11T02:23:22Z,ha08-postgres,3.91%,172.9MiB / 2GiB
2026-09-11T02:23:22Z,ha08-redis,1.84%,44.95MiB / 512MiB
2026-09-11T02:23:22Z,ha08-prometheus,0.00%,110.8MiB / 512MiB
2026-09-11T02:23:22Z,ha08-grafana,0.57%,219.9MiB / 512MiB
2026-09-11T02:23:22Z,ha08-redpanda,1.16%,932.5MiB / 1GiB
2026-09-11T02:23:34Z,ha08-api,9.57%,125.7MiB / 1GiB
2026-09-11T02:23:34Z,ha08-simulator,1.25%,22.83MiB / 512MiB
2026-09-11T02:23:34Z,ha08-projector,1.27%,31.21MiB / 512MiB
2026-09-11T02:23:34Z,ha08-postgres,4.72%,175MiB / 2GiB
2026-09-11T02:23:34Z,ha08-redis,1.85%,45.89MiB / 512MiB
2026-09-11T02:23:34Z,ha08-prometheus,0.07%,110.8MiB / 512MiB
2026-09-11T02:23:34Z,ha08-grafana,0.29%,219.9MiB / 512MiB
2026-09-11T02:23:34Z,ha08-redpanda,1.44%,932.5MiB / 1GiB
2026-09-11T02:23:47Z,ha08-api,10.39%,126.2MiB / 1GiB
2026-09-11T02:23:47Z,ha08-simulator,1.17%,22.83MiB / 512MiB
2026-09-11T02:23:47Z,ha08-projector,0.99%,31.21MiB / 512MiB
2026-09-11T02:23:47Z,ha08-postgres,3.47%,176.8MiB / 2GiB
2026-09-11T02:23:47Z,ha08-redis,1.60%,46.96MiB / 512MiB
2026-09-11T02:23:47Z,ha08-prometheus,0.40%,110.8MiB / 512MiB
2026-09-11T02:23:47Z,ha08-grafana,0.02%,219.9MiB / 512MiB
2026-09-11T02:23:47Z,ha08-redpanda,1.02%,932.5MiB / 1GiB
2026-09-11T02:23:59Z,ha08-api,10.24%,126.2MiB / 1GiB
2026-09-11T02:23:59Z,ha08-simulator,1.16%,22.83MiB / 512MiB
2026-09-11T02:23:59Z,ha08-projector,1.02%,31.21MiB / 512MiB
2026-09-11T02:23:59Z,ha08-postgres,3.46%,178.6MiB / 2GiB
2026-09-11T02:23:59Z,ha08-redis,1.56%,47.82MiB / 512MiB
2026-09-11T02:23:59Z,ha08-prometheus,0.19%,110.8MiB / 512MiB
2026-09-11T02:23:59Z,ha08-grafana,0.04%,219.9MiB / 512MiB
2026-09-11T02:23:59Z,ha08-redpanda,1.22%,932.5MiB / 1GiB
2026-09-11T02:24:11Z,ha08-api,27.35%,125.7MiB / 1GiB
2026-09-11T02:24:11Z,ha08-simulator,1.04%,22.83MiB / 512MiB
2026-09-11T02:24:11Z,ha08-projector,0.78%,31.21MiB / 512MiB
2026-09-11T02:24:11Z,ha08-postgres,3.06%,180.5MiB / 2GiB
2026-09-11T02:24:11Z,ha08-redis,1.86%,48.72MiB / 512MiB
2026-09-11T02:24:11Z,ha08-prometheus,0.00%,110.8MiB / 512MiB
2026-09-11T02:24:11Z,ha08-grafana,0.03%,219.9MiB / 512MiB
2026-09-11T02:24:11Z,ha08-redpanda,1.39%,932.5MiB / 1GiB
2026-09-11T02:24:24Z,ha08-api,11.62%,125.9MiB / 1GiB
2026-09-11T02:24:24Z,ha08-simulator,1.22%,22.83MiB / 512MiB
2026-09-11T02:24:24Z,ha08-projector,1.10%,31.21MiB / 512MiB
2026-09-11T02:24:24Z,ha08-postgres,3.34%,182.5MiB / 2GiB
2026-09-11T02:24:24Z,ha08-redis,1.79%,49.83MiB / 512MiB
2026-09-11T02:24:24Z,ha08-prometheus,0.17%,110.8MiB / 512MiB
2026-09-11T02:24:24Z,ha08-grafana,0.05%,219.9MiB / 512MiB
2026-09-11T02:24:24Z,ha08-redpanda,1.13%,932.5MiB / 1GiB
2026-09-11T02:24:37Z,ha08-api,11.80%,125.7MiB / 1GiB
2026-09-11T02:24:37Z,ha08-simulator,1.21%,22.83MiB / 512MiB
2026-09-11T02:24:37Z,ha08-projector,1.19%,31.46MiB / 512MiB
2026-09-11T02:24:37Z,ha08-postgres,4.14%,184.3MiB / 2GiB
2026-09-11T02:24:37Z,ha08-redis,1.29%,50.92MiB / 512MiB
2026-09-11T02:24:37Z,ha08-prometheus,0.00%,110.8MiB / 512MiB
2026-09-11T02:24:37Z,ha08-grafana,0.01%,219.9MiB / 512MiB
2026-09-11T02:24:37Z,ha08-redpanda,1.65%,932.6MiB / 1GiB
2026-09-11T02:24:49Z,ha08-api,17.98%,125.9MiB / 1GiB
2026-09-11T02:24:49Z,ha08-simulator,1.33%,22.83MiB / 512MiB
2026-09-11T02:24:49Z,ha08-projector,0.86%,31.22MiB / 512MiB
2026-09-11T02:24:49Z,ha08-postgres,4.86%,186.3MiB / 2GiB
2026-09-11T02:24:49Z,ha08-redis,2.80%,52.17MiB / 512MiB
2026-09-11T02:24:49Z,ha08-prometheus,0.15%,110.8MiB / 512MiB
2026-09-11T02:24:49Z,ha08-grafana,0.08%,219.9MiB / 512MiB
2026-09-11T02:24:49Z,ha08-redpanda,0.78%,932.5MiB / 1GiB
2026-09-11T02:25:01Z,ha08-api,11.64%,125.7MiB / 1GiB
2026-09-11T02:25:01Z,ha08-simulator,1.62%,22.83MiB / 512MiB
2026-09-11T02:25:01Z,ha08-projector,1.04%,31.21MiB / 512MiB
2026-09-11T02:25:01Z,ha08-postgres,4.15%,188.2MiB / 2GiB
2026-09-11T02:25:01Z,ha08-redis,1.83%,53.25MiB / 512MiB
2026-09-11T02:25:01Z,ha08-prometheus,0.00%,110.8MiB / 512MiB
2026-09-11T02:25:01Z,ha08-grafana,0.06%,219.9MiB / 512MiB
2026-09-11T02:25:01Z,ha08-redpanda,1.20%,932.5MiB / 1GiB
2026-09-11T02:25:14Z,ha08-api,23.86%,125.7MiB / 1GiB
2026-09-11T02:25:14Z,ha08-simulator,0.82%,22.83MiB / 512MiB
2026-09-11T02:25:14Z,ha08-projector,0.81%,31.21MiB / 512MiB
2026-09-11T02:25:14Z,ha08-postgres,4.08%,190.2MiB / 2GiB
2026-09-11T02:25:14Z,ha08-redis,2.02%,54.22MiB / 512MiB
2026-09-11T02:25:14Z,ha08-prometheus,0.11%,110.8MiB / 512MiB
2026-09-11T02:25:14Z,ha08-grafana,0.01%,219.9MiB / 512MiB
2026-09-11T02:25:14Z,ha08-redpanda,0.78%,932.5MiB / 1GiB
2026-09-11T02:25:27Z,ha08-api,6.93%,126MiB / 1GiB
2026-09-11T02:25:27Z,ha08-simulator,0.95%,22.83MiB / 512MiB
2026-09-11T02:25:27Z,ha08-projector,0.83%,31.21MiB / 512MiB
2026-09-11T02:25:27Z,ha08-postgres,3.13%,191.9MiB / 2GiB
2026-09-11T02:25:27Z,ha08-redis,1.22%,55.13MiB / 512MiB
2026-09-11T02:25:27Z,ha08-prometheus,0.28%,110.8MiB / 512MiB
2026-09-11T02:25:27Z,ha08-grafana,0.07%,219.9MiB / 512MiB
2026-09-11T02:25:27Z,ha08-redpanda,4.94%,932.6MiB / 1GiB
2026-09-11T02:25:39Z,ha08-api,11.20%,126MiB / 1GiB
2026-09-11T02:25:39Z,ha08-simulator,1.21%,22.83MiB / 512MiB
2026-09-11T02:25:39Z,ha08-projector,0.81%,31.21MiB / 512MiB
2026-09-11T02:25:39Z,ha08-postgres,5.87%,193.8MiB / 2GiB
2026-09-11T02:25:39Z,ha08-redis,2.98%,56.17MiB / 512MiB
2026-09-11T02:25:39Z,ha08-prometheus,0.23%,110.8MiB / 512MiB
2026-09-11T02:25:39Z,ha08-grafana,0.03%,219.9MiB / 512MiB
2026-09-11T02:25:39Z,ha08-redpanda,1.18%,932.5MiB / 1GiB
2026-09-11T02:25:51Z,ha08-api,16.40%,126MiB / 1GiB
2026-09-11T02:25:51Z,ha08-simulator,1.24%,22.83MiB / 512MiB
2026-09-11T02:25:51Z,ha08-projector,0.85%,31.21MiB / 512MiB
2026-09-11T02:25:51Z,ha08-postgres,3.64%,196.4MiB / 2GiB
2026-09-11T02:25:51Z,ha08-redis,1.65%,57.18MiB / 512MiB
2026-09-11T02:25:51Z,ha08-prometheus,0.00%,110.8MiB / 512MiB
2026-09-11T02:25:51Z,ha08-grafana,0.38%,219.9MiB / 512MiB
2026-09-11T02:25:51Z,ha08-redpanda,1.18%,932.5MiB / 1GiB
2026-09-11T02:26:04Z,ha08-api,11.40%,126MiB / 1GiB
2026-09-11T02:26:04Z,ha08-simulator,1.52%,22.83MiB / 512MiB
2026-09-11T02:26:04Z,ha08-projector,0.86%,31.22MiB / 512MiB
2026-09-11T02:26:04Z,ha08-postgres,5.47%,198.5MiB / 2GiB
2026-09-11T02:26:04Z,ha08-redis,2.68%,58.25MiB / 512MiB
2026-09-11T02:26:04Z,ha08-prometheus,0.15%,110.8MiB / 512MiB
2026-09-11T02:26:04Z,ha08-grafana,0.03%,219.9MiB / 512MiB
2026-09-11T02:26:04Z,ha08-redpanda,1.60%,932.5MiB / 1GiB
2026-09-11T02:26:17Z,ha08-api,26.78%,125.7MiB / 1GiB
2026-09-11T02:26:17Z,ha08-simulator,0.79%,22.83MiB / 512MiB
2026-09-11T02:26:17Z,ha08-projector,1.12%,31.44MiB / 512MiB
2026-09-11T02:26:17Z,ha08-postgres,3.46%,200.4MiB / 2GiB
2026-09-11T02:26:17Z,ha08-redis,1.35%,59.35MiB / 512MiB
2026-09-11T02:26:17Z,ha08-prometheus,0.00%,110.8MiB / 512MiB
2026-09-11T02:26:17Z,ha08-grafana,0.06%,219.9MiB / 512MiB
2026-09-11T02:26:17Z,ha08-redpanda,6.03%,932.6MiB / 1GiB
2026-09-11T02:26:29Z,ha08-api,12.85%,125.7MiB / 1GiB
2026-09-11T02:26:29Z,ha08-simulator,1.35%,23.08MiB / 512MiB
2026-09-11T02:26:29Z,ha08-projector,0.79%,31.21MiB / 512MiB
2026-09-11T02:26:29Z,ha08-postgres,5.11%,202.6MiB / 2GiB
2026-09-11T02:26:29Z,ha08-redis,2.12%,60.06MiB / 512MiB
2026-09-11T02:26:29Z,ha08-prometheus,0.26%,110.8MiB / 512MiB
2026-09-11T02:26:29Z,ha08-grafana,0.04%,219.9MiB / 512MiB
2026-09-11T02:26:29Z,ha08-redpanda,1.13%,932.5MiB / 1GiB
2026-09-11T02:26:41Z,ha08-api,14.27%,126.2MiB / 1GiB
2026-09-11T02:26:41Z,ha08-simulator,1.29%,22.83MiB / 512MiB
2026-09-11T02:26:41Z,ha08-projector,1.05%,31.21MiB / 512MiB
2026-09-11T02:26:41Z,ha08-postgres,4.49%,204.8MiB / 2GiB
2026-09-11T02:26:41Z,ha08-redis,2.12%,61.46MiB / 512MiB
2026-09-11T02:26:41Z,ha08-prometheus,0.00%,110.8MiB / 512MiB
2026-09-11T02:26:41Z,ha08-grafana,0.02%,219.9MiB / 512MiB
2026-09-11T02:26:41Z,ha08-redpanda,1.11%,932.5MiB / 1GiB
2026-09-11T02:26:54Z,ha08-api,15.07%,126.5MiB / 1GiB
2026-09-11T02:26:54Z,ha08-simulator,1.07%,22.83MiB / 512MiB
2026-09-11T02:26:54Z,ha08-projector,1.11%,31.22MiB / 512MiB
2026-09-11T02:26:54Z,ha08-postgres,3.41%,207MiB / 2GiB
2026-09-11T02:26:54Z,ha08-redis,1.48%,62.41MiB / 512MiB
2026-09-11T02:26:54Z,ha08-prometheus,0.10%,110.8MiB / 512MiB
2026-09-11T02:26:54Z,ha08-grafana,1.25%,219.9MiB / 512MiB
2026-09-11T02:26:54Z,ha08-redpanda,1.17%,932.5MiB / 1GiB
2026-09-11T02:27:07Z,ha08-api,11.62%,125.7MiB / 1GiB
2026-09-11T02:27:07Z,ha08-simulator,0.93%,22.83MiB / 512MiB
2026-09-11T02:27:07Z,ha08-projector,0.98%,31.21MiB / 512MiB
2026-09-11T02:27:07Z,ha08-postgres,3.88%,209.4MiB / 2GiB
2026-09-11T02:27:07Z,ha08-redis,1.78%,63.5MiB / 512MiB
2026-09-11T02:27:07Z,ha08-prometheus,0.38%,110.8MiB / 512MiB
2026-09-11T02:27:07Z,ha08-grafana,0.02%,219.9MiB / 512MiB
2026-09-11T02:27:07Z,ha08-redpanda,5.46%,932.7MiB / 1GiB
2026-09-11T02:27:19Z,ha08-api,13.60%,125.7MiB / 1GiB
2026-09-11T02:27:19Z,ha08-simulator,1.46%,22.83MiB / 512MiB
2026-09-11T02:27:19Z,ha08-projector,1.16%,31.21MiB / 512MiB
2026-09-11T02:27:19Z,ha08-postgres,4.82%,211.5MiB / 2GiB
2026-09-11T02:27:19Z,ha08-redis,1.92%,64.31MiB / 512MiB
2026-09-11T02:27:19Z,ha08-prometheus,0.40%,110.8MiB / 512MiB
2026-09-11T02:27:19Z,ha08-grafana,0.44%,219.9MiB / 512MiB
2026-09-11T02:27:19Z,ha08-redpanda,1.22%,932.6MiB / 1GiB
2026-09-11T02:27:32Z,ha08-api,14.46%,126.2MiB / 1GiB
2026-09-11T02:27:32Z,ha08-simulator,1.25%,22.83MiB / 512MiB
2026-09-11T02:27:32Z,ha08-projector,0.81%,31.21MiB / 512MiB
2026-09-11T02:27:32Z,ha08-postgres,4.08%,214.2MiB / 2GiB
2026-09-11T02:27:32Z,ha08-redis,2.27%,65.2MiB / 512MiB
2026-09-11T02:27:32Z,ha08-prometheus,0.00%,110.8MiB / 512MiB
2026-09-11T02:27:32Z,ha08-grafana,0.08%,219.9MiB / 512MiB
2026-09-11T02:27:32Z,ha08-redpanda,0.94%,932.5MiB / 1GiB
2026-09-11T02:27:44Z,ha08-api,15.30%,126.2MiB / 1GiB
2026-09-11T02:27:44Z,ha08-simulator,1.30%,22.83MiB / 512MiB
2026-09-11T02:27:44Z,ha08-projector,1.05%,31.21MiB / 512MiB
2026-09-11T02:27:44Z,ha08-postgres,4.35%,216MiB / 2GiB
2026-09-11T02:27:44Z,ha08-redis,2.19%,65.89MiB / 512MiB
2026-09-11T02:27:44Z,ha08-prometheus,0.12%,110.8MiB / 512MiB
2026-09-11T02:27:44Z,ha08-grafana,0.02%,219.9MiB / 512MiB
2026-09-11T02:27:44Z,ha08-redpanda,1.20%,932.5MiB / 1GiB
2026-09-11T02:27:57Z,ha08-api,7.43%,125.7MiB / 1GiB
2026-09-11T02:27:57Z,ha08-simulator,1.04%,22.83MiB / 512MiB
2026-09-11T02:27:57Z,ha08-projector,0.88%,31.21MiB / 512MiB
2026-09-11T02:27:57Z,ha08-postgres,2.63%,218.3MiB / 2GiB
2026-09-11T02:27:57Z,ha08-redis,1.16%,66.52MiB / 512MiB
2026-09-11T02:27:57Z,ha08-prometheus,0.35%,111.1MiB / 512MiB
2026-09-11T02:27:57Z,ha08-grafana,0.02%,219.9MiB / 512MiB
2026-09-11T02:27:57Z,ha08-redpanda,5.08%,932.7MiB / 1GiB
2026-09-11T02:28:09Z,ha08-api,12.92%,126MiB / 1GiB
2026-09-11T02:28:09Z,ha08-simulator,1.15%,22.83MiB / 512MiB
2026-09-11T02:28:09Z,ha08-projector,1.09%,31.21MiB / 512MiB
2026-09-11T02:28:09Z,ha08-postgres,5.75%,220.6MiB / 2GiB
2026-09-11T02:28:09Z,ha08-redis,2.34%,67.07MiB / 512MiB
2026-09-11T02:28:09Z,ha08-prometheus,0.80%,111.2MiB / 512MiB
2026-09-11T02:28:09Z,ha08-grafana,0.70%,219.9MiB / 512MiB
2026-09-11T02:28:09Z,ha08-redpanda,1.19%,932.5MiB / 1GiB
