t_unix,t_rel_s,fase,cotizaciones_por_s,p50_ms,p95_ms,p99_ms,respaldo_pct,acierto_pct,breaker_estado,adaptador_en_vuelo,refrescos_activos,invocaciones_por_s,fallidas_por_s,coalescidas_por_s,lag_bucle_p99_ms,cpu_api_nucleos
1789174086,0,r20,20.25,57.939,89.5,161.425,0.0,94.475,0.0,0.0,0.0,1.25,0.0,0.0,4.4,0.03
1789174087,1,r20,20.0,57.939,89.5,154.6,0.0,94.475,0.0,0.0,0.0,1.75,0.0,0.0,4.28,0.035
1789174088,2,r20,19.995,57.892,64.996,151.9,0.0,95.028,0.0,0.0,0.0,1.0,0.0,0.0,4.1,0.032
1789174089,3,r20,20.005,57.892,64.996,151.9,0.0,95.028,0.0,0.0,0.0,1.0,0.0,0.0,3.8,0.033
1789174090,4,r20,19.75,57.941,106.667,152.0,0.0,93.923,0.0,0.0,0.0,1.5,0.0,0.0,3.2,0.033
1789174091,5,r20,19.995,58.08,115.8,154.6,0.0,92.818,0.0,0.0,0.0,1.5,0.0,0.0,4.1,0.03
1789174092,6,r20,20.0,58.133,120.0,154.667,0.0,92.222,0.0,0.0,0.0,1.75,0.0,0.0,4.28,0.03
1789174093,7,r20,20.0,58.036,112.0,154.667,0.0,93.333,0.0,0.0,0.0,1.75,0.0,0.0,4.28,0.03
1789174094,8,r20,20.25,58.036,112.0,154.667,0.0,93.333,0.0,0.0,0.0,1.25,0.0,0.0,4.4,0.032
1789174095,9,r20,20.0,58.084,113.333,148.0,0.0,92.778,0.0,0.0,0.0,1.25,0.0,0.0,4.486,0.032
1789174096,10,r20,20.005,58.036,110.0,142.0,0.0,93.333,0.0,0.0,0.0,1.25,0.0,0.0,4.6,0.035
1789174097,11,r20,20.0,58.036,110.0,142.0,0.0,93.333,0.0,0.0,0.0,1.0,0.0,0.0,4.64,0.035
1789174098,12,r20,20.005,58.133,116.0,152.0,0.556,92.222,0.0,0.0,0.0,1.5,0.0,0.0,4.64,0.035
1789174099,13,r20,20.01,58.08,109.833,151.9,0.552,93.333,0.0,0.0,0.0,1.251,0.0,0.0,4.6,0.035
1789174100,14,r20,20.005,58.036,110.0,144.0,0.556,93.333,0.0,0.0,0.0,1.5,0.0,0.0,4.486,0.035
1789174101,15,r20,20.005,57.988,105.0,144.0,0.556,93.889,0.0,0.0,0.0,1.5,0.0,0.0,4.4,0.035
1789174102,16,r20,20.0,57.988,104.0,136.0,0.556,93.889,0.0,0.0,0.0,1.0,0.0,0.0,4.6,0.03
1789174103,17,r20,20.0,57.988,105.0,144.0,0.556,93.889,0.0,0.0,0.0,1.0,0.0,0.0,4.604,0.033
1789174104,18,r20,20.0,57.895,65.0,144.0,0.556,95.0,0.0,0.0,0.0,0.5,0.0,0.0,4.555,0.028
1789174105,19,r20,20.0,57.895,65.0,144.0,0.556,95.0,0.0,0.0,0.0,0.75,0.0,0.0,4.491,0.03
1789174106,20,r20,20.0,57.941,100.0,144.0,0.556,94.444,0.0,0.0,0.0,0.75,0.0,0.0,4.407,0.032
1789174107,21,r20,19.755,57.991,105.25,144.2,0.559,93.333,0.0,0.0,0.0,1.75,0.0,0.0,4.407,0.033
1789174108,22,r20,20.005,58.084,110.0,163.0,0.556,92.778,0.0,0.0,0.0,2.251,0.0,0.0,4.407,0.038
1789174109,23,r20,20.005,57.988,100.0,163.0,0.556,93.889,0.0,0.0,0.0,2.001,0.0,0.0,4.407,0.033
1789174110,24,r20,20.0,57.988,100.0,163.0,0.556,93.889,0.0,0.0,0.0,1.75,0.0,0.0,4.555,0.032
1789174111,25,r20,20.245,57.941,90.0,163.0,0.556,94.444,0.0,0.0,0.0,0.5,0.0,0.0,4.491,0.03
1789174112,26,r20,20.0,57.988,100.0,163.0,0.556,93.889,0.0,0.0,0.0,0.5,0.0,0.0,4.4,0.028
1789174113,27,r20,20.0,58.036,106.667,163.0,0.556,92.778,0.0,1.0,1.0,0.75,0.0,0.0,4.4,0.033
1789174114,28,r20,20.005,58.084,120.0,163.0,0.556,92.778,0.0,0.0,0.0,1.25,0.0,0.0,4.486,0.033
1789174115,29,r20,20.0,58.084,120.0,163.0,0.556,92.778,0.0,0.0,0.0,1.5,0.0,0.0,4.55,0.032
1789174116,30,r20,20.0,57.939,99.0,151.9,0.0,95.0,0.0,0.0,0.0,1.25,0.0,0.0,4.55,0.032
1789174117,31,r20,19.995,57.849,64.913,142.0,0.0,95.556,0.0,0.0,0.0,1.25,0.0,0.0,4.6,0.03
1789174118,32,r20,19.995,57.895,65.0,142.0,0.0,95.0,0.0,0.0,0.0,1.0,0.0,0.0,4.64,0.03
1789174119,33,r20,20.0,57.895,65.0,142.0,0.0,95.0,0.0,0.0,0.0,0.75,0.0,0.0,4.6,0.03
1789174120,34,r20,20.0,57.895,65.0,142.0,0.0,95.0,0.0,0.0,0.0,0.5,0.0,0.0,4.55,0.032
1789174121,35,r20,19.755,57.851,64.917,148.067,0.0,95.0,0.0,0.0,0.0,0.75,0.0,0.0,4.6,0.033
1789174122,36,r20,20.0,57.941,100.0,148.0,0.0,95.0,0.0,0.0,0.0,1.0,0.0,0.0,4.64,0.033
1789174123,37,r20,20.0,57.849,64.913,148.0,0.0,95.556,0.0,0.0,0.0,1.0,0.0,0.0,4.55,0.032
1789174124,38,r20,20.0,57.803,64.827,142.0,0.0,96.111,0.0,0.0,0.0,1.0,0.0,0.0,4.55,0.03
1789174125,39,r20,20.25,57.803,64.827,152.0,0.0,96.111,0.0,0.0,0.0,0.75,0.0,0.0,4.673,0.03
1789174126,40,r20,20.0,57.759,64.741,152.0,0.0,96.667,0.0,0.0,0.0,0.25,0.0,0.0,4.673,0.027
1789174127,41,r20,20.005,57.803,64.827,152.0,0.0,96.111,0.0,0.0,0.0,0.75,0.0,0.0,4.64,0.033
1789174128,42,r20,20.0,57.803,64.827,152.0,0.0,96.111,0.0,0.0,0.0,0.75,0.0,0.0,4.6,0.03
1789174129,43,r20,20.005,57.803,64.827,152.0,0.0,96.111,0.0,0.0,0.0,0.5,0.0,0.0,4.6,0.03
1789174130,44,r20,20.01,57.802,64.823,143.8,0.0,96.667,0.0,0.0,0.0,0.75,0.0,0.0,4.64,0.033
1789174131,45,r20,20.005,57.759,64.741,144.0,0.0,96.667,0.0,0.0,0.0,0.75,0.0,0.0,4.6,0.03
1789174132,46,r20,20.005,57.803,64.827,144.0,0.0,96.111,0.0,0.0,0.0,1.0,0.0,0.0,4.673,0.033
1789174133,47,r20,19.995,57.803,64.827,144.0,0.0,96.111,0.0,0.0,0.0,1.0,0.0,0.0,4.64,0.032
1789174134,48,r20,19.995,57.759,64.741,124.0,0.0,96.667,0.0,0.0,0.0,0.75,0.0,0.0,4.486,0.032
1789174135,49,r20,19.995,57.803,64.827,132.0,0.0,96.111,0.0,0.0,0.0,0.5,0.0,0.0,4.4,0.032
1789174136,50,r20,20.0,57.759,64.741,132.0,0.0,96.667,0.0,0.0,0.0,0.5,0.0,0.0,4.4,0.032
1789174137,51,r20,20.005,57.759,64.741,132.0,0.0,96.667,0.0,0.0,0.0,0.5,0.0,0.0,4.4,0.033
1789174138,52,r20,20.005,57.759,64.741,132.0,0.0,96.667,0.0,0.0,0.0,0.5,0.0,0.0,4.28,0.033
1789174139,53,r20,20.005,57.714,64.657,132.0,0.0,97.222,0.0,0.0,0.0,0.25,0.0,0.0,4.1,0.03
1789174140,54,r20,20.0,57.67,64.574,128.0,0.0,97.778,0.0,0.0,0.0,0.25,0.0,0.0,4.28,0.033
1789174141,55,r20,20.0,57.627,64.492,128.0,0.0,98.333,0.0,0.0,0.0,0.25,0.0,0.0,4.11,0.032
1789174142,56,r20,20.0,57.627,64.492,128.0,0.0,98.333,0.0,0.0,0.0,0.25,0.0,0.0,4.288,0.03
1789174143,57,r20,20.0,57.627,64.492,128.0,0.0,98.333,0.0,0.0,0.0,0.25,0.0,0.0,4.11,0.03
1789174144,58,r20,19.995,57.67,64.574,128.0,0.0,97.778,0.0,0.0,0.0,0.5,0.0,0.0,4.11,0.03
1789174145,59,r20,20.0,57.67,64.574,132.0,0.556,97.778,0.0,0.0,0.0,0.75,0.0,0.0,4.11,0.03
1789174146,60,r20,20.0,57.714,64.657,134.667,0.556,97.222,0.0,0.0,0.0,1.0,0.0,0.0,4.11,0.033
1789174147,61,r20,20.0,57.803,64.827,176.5,1.111,96.111,0.0,0.0,0.0,1.5,0.0,0.0,4.11,0.032
1789174148,62,r20,20.0,57.849,64.913,176.5,1.111,95.556,0.0,0.0,0.0,1.25,0.0,0.0,4.11,0.03
1789174149,63,r20,20.0,57.803,64.827,176.5,1.111,96.111,0.0,0.0,0.0,1.0,0.0,0.0,3.813,0.03
1789174150,64,r20,20.0,57.849,64.913,176.5,1.111,95.0,0.0,1.0,1.0,1.0,0.0,0.0,3.2,0.032
1789174151,65,r20,19.75,57.897,81.0,176.575,1.117,94.444,0.0,0.0,0.0,1.0,0.0,0.0,3.2,0.033
1789174152,66,r20,20.005,57.988,110.0,176.5,1.111,93.889,0.0,0.0,0.0,1.0,0.0,0.0,4.1,0.033
1789174153,67,r20,20.0,57.941,100.0,176.5,1.111,94.444,0.0,0.0,0.0,1.25,0.0,0.0,4.28,0.035
1789174154,68,r20,19.995,57.895,65.0,163.0,0.556,95.0,0.0,0.0,0.0,1.0,0.0,0.0,4.486,0.03
1789174155,69,r20,20.25,57.895,65.0,163.0,0.556,95.0,0.0,0.0,0.0,0.75,0.0,0.0,4.486,0.032
1789174156,70,r20,20.0,57.849,64.913,136.8,0.0,95.556,0.0,0.0,0.0,0.75,0.0,0.0,4.486,0.035
1789174157,71,r20,20.0,57.895,65.0,132.8,0.0,95.0,0.0,0.0,0.0,1.0,0.0,0.0,4.4,0.032
1789174158,72,r20,20.01,57.941,86.667,132.8,0.0,94.444,0.0,0.0,0.0,1.251,0.0,0.0,4.486,0.035
1789174159,73,r20,20.005,57.988,100.0,134.857,0.0,94.444,0.0,0.0,0.0,1.5,0.0,0.0,4.486,0.033
1789174160,74,r20,20.005,58.08,113.0,137.686,0.0,93.333,0.0,0.0,0.0,2.001,0.0,0.0,4.55,0.033
1789174161,75,r20,20.005,57.988,100.0,136.8,0.0,93.889,0.0,0.0,0.0,1.5,0.0,0.0,4.486,0.033
1789174162,76,r20,20.0,57.941,90.0,136.0,0.0,94.444,0.0,0.0,0.0,1.25,0.0,0.0,4.4,0.03
1789174163,77,r20,19.75,57.944,90.5,136.05,0.0,93.889,0.0,1.0,1.0,0.75,0.0,0.0,4.28,0.032
1789174164,78,r20,20.0,57.988,100.0,144.0,0.0,93.889,0.0,0.0,0.0,0.5,0.0,0.0,4.28,0.03
1789174165,79,r20,20.0,58.036,104.0,152.0,0.0,93.333,0.0,0.0,0.0,1.0,0.0,0.0,4.28,0.032
1789174166,80,r20,20.0,57.988,105.0,152.0,0.0,93.889,0.0,0.0,0.0,1.25,0.0,0.0,4.4,0.032
1789174167,81,r20,20.25,57.941,105.0,152.0,0.0,94.444,0.0,0.0,0.0,1.25,0.0,0.0,4.486,0.03
1789174168,82,r20,20.005,57.895,65.0,152.0,0.0,95.0,0.0,0.0,0.0,1.0,0.0,0.0,4.486,0.033
1789174169,83,r20,20.0,57.849,64.913,161.5,0.0,95.556,0.0,0.0,0.0,1.0,0.0,0.0,4.486,0.03
1789174170,84,r20,20.0,57.895,65.0,161.5,0.0,95.0,0.0,0.0,0.0,1.0,0.0,0.0,4.486,0.035
1789174171,85,r20,20.0,57.895,65.0,161.5,0.0,95.0,0.0,0.0,0.0,1.0,0.0,0.0,4.64,0.032
1789174172,86,r20,19.995,57.892,64.996,161.425,0.0,95.556,0.0,0.0,0.0,0.75,0.0,0.0,4.64,0.03
1789174173,87,r20,20.005,57.895,65.0,152.0,0.0,95.0,0.0,0.0,0.0,0.75,0.0,0.0,4.64,0.033
1789174174,88,r20,20.0,57.803,64.827,144.0,0.0,96.111,0.0,0.0,0.0,0.5,0.0,0.0,4.673,0.03
1789174175,89,r20,20.0,57.849,64.913,163.0,0.556,95.556,0.0,0.0,0.0,1.0,0.0,0.0,4.64,0.033
1789174176,90,r20,20.0,57.849,64.913,163.0,0.556,95.556,0.0,0.0,0.0,1.0,0.0,0.0,4.64,0.032
1789174177,91,r20,19.995,57.849,64.913,163.0,0.556,95.556,0.0,0.0,0.0,0.75,0.0,0.0,4.673,0.03
1789174178,92,r20,20.0,57.759,64.741,144.0,0.556,96.667,0.0,0.0,0.0,0.75,0.0,0.0,4.64,0.033
1789174179,93,r20,20.0,57.714,64.657,144.0,0.556,97.222,0.0,0.0,0.0,0.25,0.0,0.0,4.673,0.03
1789174180,94,r20,20.0,57.759,64.741,144.0,0.556,96.667,0.0,0.0,0.0,0.5,0.0,0.0,4.6,0.033
1789174181,95,r20,20.0,57.803,64.827,144.0,0.556,96.111,0.0,0.0,0.0,0.5,0.0,0.0,4.55,0.032
1789174182,96,r20,20.0,57.759,64.741,124.0,0.556,96.667,0.0,0.0,0.0,0.75,0.0,0.0,4.555,0.03
1789174183,97,r20,20.0,57.759,64.741,124.0,0.556,96.667,0.0,0.0,0.0,0.75,0.0,0.0,4.604,0.032
1789174184,98,r20,20.0,57.803,64.827,142.0,0.0,96.111,0.0,0.0,0.0,1.25,0.0,0.0,4.604,0.03
1789174185,99,r20,20.0,57.849,64.913,142.0,0.0,95.556,0.0,0.0,0.0,1.25,0.0,0.0,4.555,0.03
1789174186,100,r20,20.0,57.803,64.827,142.0,0.0,96.111,0.0,0.0,0.0,1.0,0.0,0.0,4.491,0.03
1789174187,101,r20,20.0,57.849,64.913,148.0,0.0,95.556,0.0,0.0,0.0,1.25,0.0,0.0,4.604,0.03
1789174188,102,r20,20.01,57.849,64.913,148.0,0.0,95.556,0.0,0.0,0.0,0.5,0.0,0.0,4.491,0.03
1789174189,103,r20,20.01,57.803,64.827,148.0,0.0,96.111,0.0,0.0,0.0,0.25,0.0,0.0,4.407,0.033
1789174190,104,r20,19.755,57.76,64.744,148.067,0.0,96.111,0.0,0.0,0.0,0.5,0.0,0.0,4.407,0.033
1789174191,105,r20,20.01,57.759,64.741,148.0,0.0,96.667,0.0,0.0,0.0,0.25,0.0,0.0,4.486,0.03
1789174192,106,r20,20.0,57.803,64.827,148.0,0.0,96.111,0.0,0.0,0.0,0.5,0.0,0.0,4.4,0.032
1789174193,107,r20,19.995,57.759,64.741,142.0,0.0,96.667,0.0,0.0,0.0,1.0,0.0,0.0,4.6,0.03
1789174194,108,r20,20.255,57.714,64.657,142.0,0.0,97.222,0.0,0.0,0.0,0.75,0.0,0.0,4.64,0.033
1789174195,109,r20,20.0,57.803,64.827,142.0,0.0,96.111,0.0,0.0,0.0,1.25,0.0,0.0,4.673,0.033
1789174196,110,r20,20.0,57.803,64.827,124.0,0.0,96.111,0.0,0.0,0.0,1.25,0.0,0.0,4.55,0.03
1789174197,111,r20,20.005,57.803,64.827,124.0,0.0,96.111,0.0,0.0,0.0,0.75,0.0,0.0,4.55,0.033
1789174198,112,r20,19.745,57.851,64.917,142.1,0.0,95.0,0.0,0.0,0.0,1.25,0.0,0.0,4.6,0.03
1789174199,113,r20,20.0,57.939,89.5,141.9,0.0,95.0,0.0,0.0,0.0,1.0,0.0,0.0,4.6,0.032
1789174200,114,r20,20.0,57.941,90.0,142.0,0.0,94.444,0.0,0.0,0.0,1.0,0.0,0.0,4.6,0.032
1789174201,115,r20,19.995,57.895,65.0,142.0,0.0,95.0,0.0,0.0,0.0,1.0,0.0,0.0,4.6,0.03
1789174202,116,r20,20.255,57.803,64.827,134.667,0.0,96.111,0.0,0.0,0.0,0.5,0.0,0.0,4.4,0.03
1789174203,117,r20,22.25,57.919,83.667,141.1,0.0,95.312,0.0,0.0,0.0,0.75,0.0,0.0,55.0,0.035
1789174204,118,r20,30.0,57.933,85.0,158.0,0.909,95.495,0.0,0.0,0.0,1.25,0.0,0.0,55.5,0.042
1789174205,119,r20,37.509,57.878,64.968,155.0,0.8,96.032,0.0,0.0,0.0,1.5,0.0,0.0,55.5,0.05
1789174206,120,r50,44.75,57.867,64.946,163.15,0.717,95.745,0.0,0.0,0.0,2.0,0.0,0.0,55.5,0.058
1789174207,121,r50,50.25,57.907,83.0,157.8,0.643,95.833,0.0,0.0,0.0,2.25,0.0,0.0,55.5,0.06
1789174208,122,r50,50.0,57.846,64.908,156.0,0.588,96.199,0.0,0.0,0.0,1.75,0.0,0.0,55.5,0.057
1789174209,123,r50,50.0,57.817,64.852,153.0,0.541,96.505,0.0,0.0,0.0,1.75,0.0,0.0,55.5,0.055
1789174210,124,r50,50.237,57.833,64.883,160.0,0.5,96.269,0.0,0.0,0.0,1.75,0.0,0.0,55.5,0.052
1789174211,125,r50,50.0,57.866,64.945,157.0,0.465,95.833,0.0,0.0,0.0,1.75,0.0,0.0,55.5,0.052
1789174212,126,r50,49.988,57.848,64.911,149.8,0.443,95.778,0.0,0.0,0.0,2.249,0.0,0.0,4.407,0.052
1789174213,127,r50,50.0,57.794,64.809,138.571,0.222,96.0,0.0,1.0,1.0,2.25,0.0,0.0,4.486,0.052
1789174214,128,r50,50.013,57.812,64.844,163.75,0.444,96.0,0.0,0.0,0.0,2.251,0.0,0.0,4.4,0.055
1789174215,129,r50,50.0,57.866,64.946,154.9,0.443,95.556,0.0,0.0,0.0,2.5,0.0,0.0,4.1,0.053
1789174216,130,r50,50.013,57.812,64.844,156.667,0.444,96.0,0.0,0.0,0.0,2.001,0.0,0.0,4.4,0.053
1789174217,131,r50,50.0,57.831,64.878,155.0,0.444,95.778,0.0,0.0,0.0,2.25,0.0,0.0,4.486,0.053
1789174218,132,r50,49.762,57.868,64.949,157.55,0.445,95.111,0.0,1.0,1.0,2.501,0.0,0.0,4.4,0.053
1789174219,133,r50,50.013,57.923,95.0,154.0,0.444,94.667,0.0,0.0,0.0,2.751,0.0,0.0,4.28,0.053
1789174220,134,r50,49.762,57.924,101.222,155.033,0.445,94.444,0.0,1.0,1.0,3.251,0.0,0.0,4.4,0.058
1789174221,135,r50,49.75,57.924,103.875,155.743,0.445,94.222,0.0,1.0,1.0,3.75,0.0,0.0,4.486,0.057
1789174222,136,r50,50.25,57.941,106.25,156.25,0.444,94.667,0.0,0.0,0.0,3.25,0.0,0.0,4.4,0.055
1789174223,137,r50,49.75,57.961,106.455,151.275,0.223,94.0,0.0,0.0,0.0,3.0,0.0,0.0,4.486,0.055
1789174224,138,r50,50.25,57.96,107.778,154.444,0.444,94.222,0.0,0.0,0.0,3.0,0.0,0.0,4.486,0.052
1789174225,139,r50,50.263,57.96,107.778,153.75,0.444,94.222,0.0,0.0,0.0,2.251,0.0,0.0,4.28,0.053
1789174226,140,r50,50.0,57.979,110.0,154.444,0.444,94.0,0.0,0.0,0.0,2.75,0.0,0.0,4.1,0.055
1789174227,141,r50,50.0,57.941,105.556,153.75,0.444,94.444,0.0,1.0,1.0,2.0,0.0,0.0,4.1,0.055
1789174228,142,r50,50.0,57.923,101.667,153.75,0.444,94.667,0.0,0.0,0.0,2.25,0.0,0.0,4.4,0.055
1789174229,143,r50,50.0,57.903,89.0,152.829,0.443,95.111,0.0,0.0,0.0,2.5,0.0,0.0,4.28,0.055
1789174230,144,r50,50.0,57.922,101.286,158.3,0.443,95.111,0.0,0.0,0.0,2.75,0.0,0.0,4.28,0.055
1789174231,145,r50,50.25,57.904,90.0,154.0,0.222,94.889,0.0,0.0,0.0,2.75,0.0,0.0,4.28,0.053
1789174232,146,r50,50.013,57.866,64.946,153.96,0.222,95.556,0.0,0.0,0.0,2.001,0.0,0.0,4.28,0.053
1789174233,147,r50,49.75,57.831,64.88,143.4,0.0,95.556,0.0,0.0,0.0,2.25,0.0,0.0,4.407,0.05
1789174234,148,r50,50.0,57.886,64.982,143.333,0.0,95.111,0.0,0.0,0.0,2.0,0.0,0.0,4.491,0.05
1789174235,149,r50,49.75,57.868,64.949,143.4,0.0,95.111,0.0,0.0,0.0,2.5,0.0,0.0,4.491,0.055
1789174236,150,r50,49.988,57.94,103.625,143.267,0.0,94.444,0.0,1.0,1.0,3.249,0.0,0.0,4.555,0.055
1789174237,151,r50,50.25,57.904,101.111,143.333,0.0,94.889,0.0,0.0,0.0,3.0,0.0,0.0,4.407,0.058
1789174238,152,r50,50.0,57.867,64.948,143.333,0.0,95.333,0.0,0.0,0.0,2.25,0.0,0.0,4.407,0.055
1789174239,153,r50,50.263,57.831,64.878,136.25,0.0,95.778,0.0,0.0,0.0,2.001,0.0,0.0,4.288,0.053
1789174240,154,r50,50.0,57.831,64.878,138.571,0.0,95.778,0.0,0.0,0.0,1.25,0.0,0.0,4.407,0.05
1789174241,155,r50,49.75,57.85,64.914,142.04,0.0,95.333,0.0,1.0,1.0,1.25,0.0,0.0,4.491,0.05
1789174242,156,r50,50.0,57.83,64.877,144.967,0.0,96.0,0.0,0.0,0.0,1.5,0.0,0.0,4.4,0.052
1789174243,157,r50,49.988,57.759,64.741,145.0,0.0,96.667,0.0,0.0,0.0,1.0,0.0,0.0,4.4,0.052
1789174244,158,r50,50.0,57.74,64.707,141.96,0.0,97.111,0.0,0.0,0.0,1.0,0.0,0.0,4.28,0.052
1789174245,159,r50,50.0,57.688,64.608,135.1,0.0,97.556,0.0,0.0,0.0,1.25,0.0,0.0,4.1,0.055
1789174246,160,r50,50.0,57.688,64.607,130.0,0.0,97.556,0.0,0.0,0.0,1.25,0.0,0.0,4.1,0.053
1789174247,161,r50,50.0,57.705,64.64,136.667,0.0,96.889,0.0,2.0,2.0,1.5,0.0,0.0,4.1,0.053
1789174248,162,r50,50.025,57.723,64.674,136.667,0.0,96.889,0.0,0.0,0.0,2.251,0.0,0.0,4.1,0.053
1789174249,163,r50,50.275,57.741,64.708,136.667,0.0,96.889,0.0,0.0,0.0,1.751,0.0,0.0,4.4,0.05
1789174250,164,r50,50.025,57.776,64.774,137.96,0.0,96.667,0.0,0.0,0.0,2.501,0.0,0.0,4.1,0.053
1789174251,165,r50,50.025,57.759,64.741,134.0,0.0,96.667,0.0,0.0,0.0,2.251,0.0,0.0,4.28,0.05
1789174252,166,r50,49.988,57.812,64.844,138.333,0.0,96.0,0.0,0.0,0.0,2.0,0.0,0.0,4.4,0.052
1789174253,167,r50,50.0,57.831,64.878,138.75,0.0,95.556,0.0,1.0,1.0,2.25,0.0,0.0,4.486,0.052
1789174254,168,r50,49.988,57.83,64.877,143.267,0.0,96.0,0.0,0.0,0.0,1.75,0.0,0.0,4.486,0.05
1789174255,169,r50,49.988,57.831,64.878,143.333,0.0,95.778,0.0,0.0,0.0,2.249,0.0,0.0,4.486,0.052
1789174256,170,r50,50.0,57.849,64.913,138.333,0.0,95.778,0.0,1.0,1.0,2.0,0.0,0.0,4.486,0.05
1789174257,171,r50,49.988,57.849,64.913,143.333,0.0,95.778,0.0,0.0,0.0,2.249,0.0,0.0,4.486,0.05
1789174258,172,r50,50.0,57.831,64.878,143.333,0.0,95.778,0.0,0.0,0.0,2.0,0.0,0.0,4.1,0.053
1789174259,173,r50,50.0,57.794,64.809,137.5,0.0,96.222,0.0,0.0,0.0,2.0,0.0,0.0,4.28,0.055
1789174260,174,r50,49.75,57.813,64.845,138.04,0.0,95.778,0.0,1.0,1.0,1.75,0.0,0.0,4.1,0.055
1789174261,175,r50,50.013,57.831,64.878,147.5,0.0,95.778,0.0,0.0,0.0,2.001,0.0,0.0,3.8,0.058
1789174262,176,r50,50.013,57.831,64.878,147.5,0.0,96.0,0.0,0.0,0.0,2.251,0.0,0.0,3.8,0.055
1789174263,177,r50,49.75,57.795,64.811,142.55,0.0,96.0,0.0,0.0,0.0,2.0,0.0,0.0,3.8,0.052
1789174264,178,r50,50.25,57.849,64.913,151.25,0.0,95.556,0.0,0.0,0.0,2.75,0.0,0.0,4.1,0.058
1789174265,179,r50,50.0,57.849,64.913,151.25,0.0,95.778,0.0,0.0,0.0,2.25,0.0,0.0,4.1,0.055
1789174266,180,r50,50.0,57.849,64.913,150.0,0.0,95.556,0.0,0.0,0.0,2.5,0.0,0.0,4.1,0.055
1789174267,181,r50,50.25,57.867,64.948,148.333,0.0,95.333,0.0,0.0,0.0,2.75,0.0,0.0,4.1,0.055
1789174268,182,r50,50.013,57.941,105.556,151.667,0.222,94.444,0.0,0.0,0.0,3.251,0.0,0.0,4.1,0.053
1789174269,183,r50,50.0,57.94,104.9,151.633,0.222,94.667,0.0,0.0,0.0,3.0,0.0,0.0,4.28,0.052
1789174270,184,r50,49.738,57.868,64.949,142.55,0.223,95.111,0.0,0.0,0.0,2.499,0.0,0.0,4.4,0.052
1789174271,185,r50,50.013,57.886,64.982,146.0,0.222,95.111,0.0,1.0,1.0,2.251,0.0,0.0,4.28,0.053
1789174272,186,r50,50.0,57.922,101.125,149.96,0.222,95.111,0.0,0.0,0.0,1.25,0.0,0.0,4.4,0.053
1789174273,187,r50,49.988,57.849,64.913,135.714,0.222,95.778,0.0,0.0,0.0,1.25,0.0,0.0,4.28,0.05
1789174274,188,r50,50.25,57.812,64.844,134.0,0.222,96.222,0.0,0.0,0.0,1.0,0.0,0.0,4.486,0.052
1789174275,189,r50,49.988,57.776,64.775,130.0,0.222,96.667,0.0,0.0,0.0,1.0,0.0,0.0,4.555,0.052
1789174276,190,r50,49.988,57.812,64.844,130.0,0.222,96.0,0.0,1.0,1.0,1.5,0.0,0.0,4.555,0.052
1789174277,191,r50,50.0,57.759,64.741,130.0,0.0,96.889,0.0,0.0,0.0,2.0,0.0,0.0,4.491,0.055
1789174278,192,r50,50.025,57.759,64.741,130.0,0.0,96.889,0.0,0.0,0.0,2.251,0.0,0.0,4.491,0.053
1789174279,193,r50,50.025,57.776,64.774,129.933,0.0,96.889,0.0,0.0,0.0,2.251,0.0,0.0,4.491,0.053
1789174280,194,r50,50.013,57.794,64.809,127.5,0.0,96.444,0.0,0.0,0.0,2.251,0.0,0.0,4.555,0.053
1789174281,195,r50,50.025,57.794,64.809,122.5,0.0,96.222,0.0,0.0,0.0,2.001,0.0,0.0,4.491,0.053
1789174282,196,r50,50.0,57.812,64.844,130.0,0.0,96.0,0.0,0.0,0.0,2.25,0.0,0.0,4.604,0.053
1789174283,197,r50,50.0,57.831,64.878,130.0,0.0,95.556,0.0,1.0,1.0,2.25,0.0,0.0,4.604,0.053
1789174284,198,r50,50.013,57.867,64.948,135.0,0.0,95.333,0.0,0.0,0.0,2.001,0.0,0.0,4.55,0.053
1789174285,199,r50,50.0,57.886,64.982,138.571,0.0,95.333,0.0,0.0,0.0,2.75,0.0,0.0,4.55,0.055
1789174286,200,r50,49.988,57.923,102.5,147.5,0.0,94.667,0.0,0.0,0.0,3.499,0.0,0.0,4.55,0.057
1789174287,201,r50,49.988,57.941,104.167,147.5,0.0,94.444,0.0,0.0,0.0,3.749,0.0,0.0,4.6,0.057
1789174288,202,r50,49.988,57.923,102.727,147.5,0.0,94.667,0.0,0.0,0.0,2.999,0.0,0.0,4.486,0.052
1789174289,203,r50,50.0,57.867,64.948,147.5,0.0,95.333,0.0,0.0,0.0,2.0,0.0,0.0,4.486,0.053
1789174290,204,r50,50.013,57.886,64.982,147.5,0.0,95.111,0.0,0.0,0.0,1.5,0.0,0.0,4.486,0.053
1789174291,205,r50,50.013,57.849,64.913,143.333,0.0,95.556,0.0,0.0,0.0,1.0,0.0,0.0,4.4,0.05
1789174292,206,r50,50.013,57.849,64.913,143.333,0.0,95.778,0.0,0.0,0.0,1.25,0.0,0.0,4.4,0.053
1789174293,207,r50,50.0,57.794,64.809,138.0,0.0,96.222,0.0,0.0,0.0,1.0,0.0,0.0,4.6,0.05
1789174294,208,r50,50.0,57.723,64.674,132.5,0.0,97.111,0.0,0.0,0.0,0.5,0.0,0.0,4.7,0.048
1789174295,209,r50,50.0,57.636,64.508,117.5,0.0,98.222,0.0,0.0,0.0,0.5,0.0,0.0,4.723,0.05
1789174296,210,r50,50.0,57.636,64.508,117.5,0.0,98.222,0.0,0.0,0.0,0.75,0.0,0.0,4.673,0.05
1789174297,211,r50,50.0,57.67,64.574,118.0,0.0,97.778,0.0,0.0,0.0,1.25,0.0,0.0,4.743,0.05
1789174298,212,r50,50.0,57.688,64.607,122.5,0.0,97.556,0.0,0.0,0.0,1.5,0.0,0.0,4.723,0.05
1789174299,213,r50,49.988,57.67,64.574,117.5,0.222,97.778,0.0,0.0,0.0,2.0,0.0,0.0,4.743,0.05
1789174300,214,r50,49.75,57.671,64.575,117.55,0.223,97.556,0.0,0.0,0.0,1.75,0.0,0.0,4.743,0.052
1789174301,215,r50,50.0,57.759,64.741,150.0,0.444,96.667,0.0,0.0,0.0,2.5,0.0,0.0,4.7,0.052
1789174302,216,r50,50.0,57.776,64.775,150.0,0.444,96.444,0.0,0.0,0.0,2.25,0.0,0.0,4.673,0.053
1789174303,217,r50,50.013,57.776,64.775,150.0,0.444,96.222,0.0,1.0,1.0,2.001,0.0,0.0,4.6,0.055
1789174304,218,r50,50.25,57.812,64.844,150.0,0.444,96.0,0.0,0.0,0.0,2.25,0.0,0.0,4.604,0.053
1789174305,219,r50,50.0,57.812,64.844,138.0,0.444,96.0,0.0,0.0,0.0,1.5,0.0,0.0,4.676,0.053
1789174306,220,r50,50.0,57.776,64.775,138.0,0.444,96.444,0.0,0.0,0.0,1.25,0.0,0.0,4.644,0.052
1789174307,221,r50,50.0,57.776,64.775,155.0,0.667,96.444,0.0,0.0,0.0,1.5,0.0,0.0,4.676,0.05
1789174308,222,r50,50.025,57.776,64.775,145.0,0.444,96.444,0.0,0.0,0.0,1.501,0.0,0.0,4.676,0.053
1789174309,223,r50,50.025,57.812,64.842,149.933,0.443,96.222,0.0,0.0,0.0,1.501,0.0,0.0,4.676,0.053
1789174310,224,r50,50.025,57.759,64.741,138.0,0.222,96.667,0.0,0.0,0.0,2.251,0.0,0.0,4.703,0.053
1789174311,225,r50,50.013,57.776,64.775,145.0,0.222,96.444,0.0,0.0,0.0,2.251,0.0,0.0,4.676,0.053
1789174312,226,r50,49.738,57.777,64.777,155.1,0.223,96.444,0.0,0.0,0.0,2.249,0.0,0.0,4.703,0.05
1789174313,227,r50,49.988,57.812,64.844,171.25,0.667,96.0,0.0,0.0,0.0,2.499,0.0,0.0,4.7,0.052
1789174314,228,r50,49.988,57.794,64.809,171.25,0.667,96.222,0.0,0.0,0.0,2.0,0.0,0.0,4.673,0.052
1789174315,229,r50,50.0,57.812,64.844,171.25,0.667,95.778,0.0,1.0,1.0,1.75,0.0,0.0,4.673,0.053
1789174316,230,r50,50.25,57.849,64.913,167.5,0.444,95.556,0.0,0.0,0.0,2.25,0.0,0.0,4.673,0.055
1789174317,231,r50,50.013,57.849,64.913,167.5,0.444,95.556,0.0,0.0,0.0,2.001,0.0,0.0,4.7,0.053
1789174318,232,r50,50.0,57.849,64.913,172.5,0.667,95.556,0.0,0.0,0.0,2.25,0.0,0.0,4.7,0.053
1789174319,233,r50,49.762,57.831,64.88,171.325,0.668,95.556,0.0,0.0,0.0,2.751,0.0,0.0,4.7,0.055
1789174320,234,r50,50.0,57.867,64.948,167.5,0.667,95.333,0.0,0.0,0.0,2.5,0.0,0.0,4.673,0.055
1789174321,235,r50,49.988,57.885,64.981,163.675,0.665,95.333,0.0,0.0,0.0,2.499,0.0,0.0,4.673,0.055
1789174322,236,r50,49.75,57.85,64.914,156.733,0.223,95.333,0.0,0.0,0.0,2.75,0.0,0.0,4.64,0.057
1789174323,237,r50,54.0,57.944,103.889,156.75,0.215,94.658,0.0,0.0,0.0,3.25,0.0,0.0,4.6,0.062
1789174324,238,r50,66.017,58.031,114.6,157.15,0.195,94.788,0.0,0.0,0.0,3.501,0.0,0.0,55.5,0.073
1789174325,239,r50,78.75,57.965,109.375,156.333,0.177,95.423,0.0,0.0,0.0,3.5,0.0,0.0,55.5,0.09
1789174326,240,r200,91.523,57.939,105.625,157.7,0.163,95.631,0.0,0.0,0.0,3.501,0.0,0.0,55.5,0.1
1789174327,241,r100,99.75,57.917,96.0,156.72,0.151,95.659,0.0,0.0,0.0,3.25,0.0,0.0,55.5,0.11
1789174328,242,r100,100.25,57.932,102.0,157.422,0.14,95.682,0.0,0.0,0.0,3.5,0.0,0.0,55.5,0.11
1789174329,243,r100,100.025,57.892,64.995,155.875,0.131,95.964,0.0,0.0,0.0,3.751,0.0,0.0,55.5,0.105
1789174330,244,r100,99.975,57.877,64.966,152.125,0.123,96.088,0.0,0.0,0.0,3.749,0.0,0.0,55.5,0.105
1789174331,245,r100,100.25,57.873,64.958,150.85,0.115,96.198,0.0,0.0,0.0,3.75,0.0,0.0,55.5,0.098
1789174332,246,r100,99.725,57.84,64.896,150.025,0.111,96.222,0.0,0.0,0.0,3.999,0.0,0.0,55.5,0.097
1789174333,247,r100,100.0,57.794,64.809,143.96,0.111,96.333,0.0,0.0,0.0,4.0,0.0,0.0,4.1,0.098
1789174334,248,r100,100.0,57.803,64.827,137.143,0.111,96.111,0.0,0.0,0.0,4.25,0.0,0.0,4.1,0.098
1789174335,249,r100,99.75,57.804,64.827,137.525,0.111,96.0,0.0,0.0,0.0,4.25,0.0,0.0,3.8,0.098
1789174336,250,r100,100.275,57.821,64.86,137.98,0.111,96.0,0.0,0.0,0.0,3.751,0.0,0.0,3.2,0.1
1789174337,251,r100,99.975,57.785,64.792,138.182,0.111,96.333,0.0,0.0,0.0,3.499,0.0,0.0,4.1,0.092
1789174338,252,r100,100.025,57.812,64.844,138.667,0.111,96.0,0.0,0.0,0.0,4.001,0.0,0.0,3.2,0.095
1789174339,253,r100,100.25,57.812,64.844,144.0,0.111,96.0,0.0,0.0,0.0,3.75,0.0,0.0,3.2,0.095
1789174340,254,r100,100.0,57.794,64.809,148.0,0.111,96.222,0.0,0.0,0.0,3.25,0.0,0.0,3.2,0.09
1789174341,255,r100,100.05,57.758,64.741,144.95,0.111,96.667,0.0,0.0,0.0,3.252,0.0,0.0,3.2,0.098
1789174342,256,r100,99.775,57.759,64.742,146.733,0.222,96.444,0.0,2.0,2.0,2.501,0.0,0.0,3.8,0.093
1789174343,257,r100,100.0,57.776,64.775,156.0,0.222,96.444,0.0,0.0,0.0,3.25,0.0,0.0,4.1,0.095
1789174344,258,r100,99.775,57.776,64.775,152.0,0.222,96.444,0.0,0.0,0.0,3.751,0.0,0.0,4.1,0.098
1789174345,259,r100,99.975,57.768,64.758,148.0,0.111,96.556,0.0,0.0,0.0,3.999,0.0,0.0,4.1,0.097
1789174346,260,r100,99.975,57.777,64.776,144.04,0.111,96.333,0.0,0.0,0.0,4.249,0.0,0.0,3.2,0.097
1789174347,261,r100,99.75,57.777,64.776,151.457,0.222,96.222,0.0,2.0,2.0,4.0,0.0,0.0,3.8,0.1
1789174348,262,r100,99.975,57.777,64.776,150.033,0.222,96.333,0.0,0.0,0.0,3.999,0.0,0.0,3.8,0.097
1789174349,263,r100,100.025,57.803,64.827,143.333,0.222,96.111,0.0,0.0,0.0,4.251,0.0,0.0,4.4,0.095
1789174350,264,r100,100.25,57.812,64.844,143.333,0.222,96.111,0.0,0.0,0.0,3.75,0.0,0.0,4.486,0.097
1789174351,265,r100,100.25,57.803,64.826,142.829,0.111,96.333,0.0,0.0,0.0,3.25,0.0,0.0,4.55,0.092
1789174352,266,r100,100.025,57.777,64.776,133.367,0.222,96.333,0.0,1.0,1.0,3.001,0.0,0.0,4.486,0.093
1789174353,267,r100,99.975,57.821,64.86,139.978,0.222,96.0,0.0,1.0,1.0,3.749,0.0,0.0,4.486,0.097
1789174354,268,r100,100.025,57.812,64.844,145.714,0.222,96.0,0.0,1.0,1.0,4.001,0.0,0.0,4.55,0.093
1789174355,269,r100,99.525,57.813,64.844,147.525,0.222,96.0,0.0,1.0,1.0,4.251,0.0,0.0,4.55,0.095
1789174356,270,r100,100.225,57.821,64.86,145.686,0.222,96.222,0.0,0.0,0.0,4.999,0.0,0.0,4.6,0.097
1789174357,271,r100,99.75,57.803,64.827,145.714,0.222,96.222,0.0,0.0,0.0,3.75,0.0,0.0,4.6,0.098
1789174358,272,r100,100.0,57.794,64.809,147.5,0.222,96.333,0.0,0.0,0.0,3.75,0.0,0.0,4.4,0.098
1789174359,273,r100,100.475,57.803,64.827,148.889,0.222,96.111,0.0,1.0,1.0,3.499,0.0,0.0,4.4,0.097
1789174360,274,r100,99.75,57.822,64.862,147.525,0.222,95.889,0.0,0.0,0.0,3.5,0.0,0.0,4.1,0.098
1789174361,275,r100,99.775,57.84,64.896,150.025,0.222,95.667,0.0,0.0,1.0,4.501,0.0,0.0,4.1,0.093
1789174362,276,r100,99.975,57.831,64.878,144.0,0.222,95.889,0.0,0.0,0.0,4.999,0.0,0.0,4.486,0.097
1789174363,277,r100,100.025,57.831,64.878,140.0,0.333,95.889,0.0,0.0,0.0,5.001,0.0,0.0,4.407,0.098
1789174364,278,r100,100.275,57.812,64.842,138.145,0.333,96.222,0.0,0.0,0.0,3.751,0.0,0.0,4.407,0.095
1789174365,279,r100,100.225,57.795,64.81,134.02,0.222,96.111,0.0,0.0,0.0,3.749,0.0,0.0,4.11,0.097
1789174366,280,r100,100.0,57.821,64.86,134.527,0.222,96.0,0.0,0.0,0.0,3.25,0.0,0.0,4.11,0.097
1789174367,281,r100,99.75,57.822,64.862,136.382,0.222,95.778,0.0,0.0,0.0,3.75,0.0,0.0,4.11,0.098
1789174368,282,r100,100.025,57.849,64.913,138.333,0.222,95.667,0.0,0.0,0.0,4.751,0.0,0.0,3.813,0.1
1789174369,283,r100,100.075,57.849,64.913,145.0,0.333,95.556,0.0,0.0,0.0,4.754,0.0,0.0,3.813,0.098
1789174370,284,r100,100.05,57.875,64.963,148.844,0.222,95.333,0.0,1.0,1.0,5.753,0.0,0.0,4.288,0.1
1789174371,285,r100,100.275,57.849,64.913,148.889,0.222,95.556,0.0,0.0,0.0,5.501,0.0,0.0,3.22,0.1
1789174372,286,r100,100.025,57.876,64.965,146.667,0.111,95.222,0.0,0.0,0.0,5.751,0.0,0.0,3.2,0.103
1789174373,287,r100,100.225,57.895,65.0,148.0,0.111,95.0,0.0,0.0,0.0,4.999,0.0,0.0,3.2,0.102
1789174374,288,r100,100.025,57.867,64.947,150.891,0.222,95.444,0.0,0.0,0.0,3.751,0.0,0.0,3.8,0.1
1789174375,289,r100,99.775,57.849,64.914,150.02,0.222,95.444,0.0,0.0,0.0,3.501,0.0,0.0,4.1,0.098
1789174376,290,r100,100.0,57.83,64.877,146.644,0.222,95.889,0.0,0.0,0.0,2.25,0.0,0.0,4.1,0.093
1789174377,291,r100,100.025,57.794,64.809,145.0,0.333,96.222,0.0,0.0,0.0,2.001,0.0,0.0,4.4,0.095
1789174378,292,r100,100.0,57.776,64.775,142.829,0.222,96.556,0.0,0.0,0.0,2.25,0.0,0.0,4.486,0.093
1789174379,293,r100,99.75,57.732,64.692,135.6,0.223,96.889,0.0,1.0,1.0,2.5,0.0,0.0,4.4,0.095
1789174380,294,r100,100.0,57.759,64.741,140.0,0.333,96.667,0.0,0.0,0.0,3.75,0.0,0.0,4.55,0.1
1789174381,295,r100,100.0,57.723,64.674,144.0,0.333,96.889,0.0,2.0,2.0,3.75,0.0,0.0,4.64,0.098
1789174382,296,r100,100.0,57.759,64.741,145.0,0.333,96.667,0.0,0.0,0.0,4.75,0.0,0.0,4.64,0.103
1789174383,297,r100,100.5,57.759,64.741,140.0,0.222,96.556,0.0,1.0,1.0,4.25,0.0,0.0,4.673,0.1
1789174384,298,r100,99.975,57.83,64.877,147.96,0.333,95.889,0.0,0.0,0.0,5.249,0.0,0.0,4.7,0.1
1789174385,299,r100,99.975,57.858,64.93,152.0,0.444,95.444,0.0,0.0,0.0,5.999,0.0,0.0,4.7,0.1
1789174386,300,r100,100.0,57.867,64.948,153.333,0.444,95.333,0.0,0.0,0.0,5.0,0.0,0.0,4.673,0.098
1789174387,301,r100,99.975,57.867,64.948,152.5,0.444,95.333,0.0,0.0,0.0,5.249,0.0,0.0,4.7,0.097
1789174388,302,r100,100.025,57.875,64.963,151.371,0.443,95.444,0.0,0.0,0.0,3.751,0.0,0.0,4.673,0.095
1789174389,303,r100,100.0,57.849,64.913,147.5,0.333,95.556,0.0,0.0,0.0,3.5,0.0,0.0,4.64,0.1
1789174390,304,r100,100.0,57.904,86.667,148.571,0.333,95.111,0.0,0.0,0.0,4.75,0.0,0.0,4.55,0.1
1789174391,305,r100,99.775,57.886,64.983,145.743,0.334,95.0,0.0,0.0,0.0,5.501,0.0,0.0,4.6,0.1
1789174392,306,r100,99.975,57.904,86.667,145.714,0.333,94.889,0.0,1.0,1.0,5.249,0.0,0.0,4.55,0.1
1789174393,307,r100,100.0,57.886,64.982,142.857,0.222,95.111,0.0,0.0,0.0,6.25,0.0,0.0,4.486,0.098
1789174394,308,r100,99.975,57.876,64.965,140.0,0.111,95.222,0.0,0.0,0.0,5.249,0.0,0.0,4.55,0.097
1789174395,309,r100,100.25,57.867,64.948,138.824,0.0,95.111,0.0,2.0,2.0,4.25,0.0,0.0,4.6,0.1
1789174396,310,r100,99.75,57.877,64.966,137.659,0.0,95.111,0.0,0.0,0.0,4.75,0.0,0.0,4.55,0.1
1789174397,311,r100,100.0,57.867,64.948,138.75,0.111,95.333,0.0,0.0,0.0,3.25,0.0,0.0,4.55,0.1
1789174398,312,r100,100.025,57.858,64.93,137.333,0.111,95.444,0.0,0.0,0.0,3.001,0.0,0.0,4.55,0.1
1789174399,313,r100,100.025,57.822,64.861,136.923,0.111,95.889,0.0,0.0,0.0,3.501,0.0,0.0,4.6,0.098
1789174400,314,r100,100.275,57.812,64.843,135.98,0.111,96.111,0.0,0.0,0.0,3.251,0.0,0.0,4.64,0.098
1789174401,315,r100,99.8,57.795,64.81,134.02,0.111,96.111,0.0,1.0,1.0,3.502,0.0,0.0,4.6,0.095
1789174402,316,r100,99.75,57.786,64.793,138.2,0.111,96.222,0.0,0.0,0.0,4.5,0.0,0.0,4.64,0.098
1789174403,317,r100,99.75,57.777,64.776,137.8,0.111,96.333,0.0,0.0,0.0,4.25,0.0,0.0,4.6,0.1
1789174404,318,r100,100.025,57.794,64.809,137.5,0.111,96.444,0.0,0.0,0.0,4.001,0.0,0.0,4.55,0.098
1789174405,319,r100,99.975,57.785,64.792,136.0,0.111,96.333,0.0,0.0,0.0,4.249,0.0,0.0,4.55,0.097
1789174406,320,r100,100.275,57.776,64.775,132.727,0.0,96.444,0.0,0.0,0.0,2.751,0.0,0.0,4.6,0.095
1789174407,321,r100,100.0,57.813,64.844,136.938,0.0,95.889,0.0,0.0,0.0,4.0,0.0,0.0,4.55,0.098
1789174408,322,r100,100.0,57.794,64.809,136.667,0.0,96.222,0.0,0.0,0.0,3.5,0.0,0.0,4.555,0.095
1789174409,323,r100,100.0,57.795,64.81,138.35,0.111,96.111,0.0,0.0,0.0,3.75,0.0,0.0,4.491,0.098
1789174410,324,r100,99.975,57.812,64.843,138.557,0.111,96.222,0.0,0.0,0.0,4.249,0.0,0.0,4.491,0.097
1789174411,325,r100,100.25,57.794,64.809,136.908,0.222,96.333,0.0,0.0,0.0,3.5,0.0,0.0,4.407,0.092
1789174412,326,r100,100.0,57.776,64.775,138.317,0.222,96.444,0.0,1.0,1.0,3.5,0.0,0.0,4.604,0.095
1789174413,327,r100,100.275,57.785,64.792,138.571,0.222,96.222,0.0,1.0,1.0,3.501,0.0,0.0,4.555,0.095
1789174414,328,r100,99.775,57.822,64.861,140.0,0.222,95.889,0.0,0.0,0.0,4.751,0.0,0.0,4.491,0.098
1789174415,329,r100,99.975,57.831,64.878,143.333,0.222,95.778,0.0,0.0,0.0,3.999,0.0,0.0,4.491,0.097
1789174416,330,r100,100.0,57.794,64.809,138.737,0.222,96.333,0.0,0.0,0.0,4.5,0.0,0.0,4.491,0.098
1789174417,331,r100,99.725,57.849,64.914,146.7,0.334,95.444,0.0,0.0,0.0,5.499,0.0,0.0,4.55,0.1
1789174418,332,r100,99.975,57.849,64.913,150.0,0.222,95.556,0.0,0.0,0.0,4.499,0.0,0.0,4.55,0.097
1789174419,333,r100,100.025,57.858,64.93,151.111,0.222,95.444,0.0,0.0,0.0,5.001,0.0,0.0,4.55,0.098
1789174420,334,r100,99.975,57.831,64.878,147.5,0.111,95.778,0.0,0.0,0.0,4.749,0.0,0.0,4.55,0.097
1789174421,335,r100,100.25,57.831,64.878,147.5,0.222,95.889,0.0,0.0,0.0,2.75,0.0,0.0,4.28,0.093
1789174422,336,r100,100.25,57.803,64.827,147.5,0.222,96.222,0.0,0.0,0.0,2.25,0.0,0.0,4.28,0.09
1789174423,337,r100,100.0,57.776,64.775,148.867,0.222,96.556,0.0,0.0,0.0,2.25,0.0,0.0,4.28,0.093
1789174424,338,r100,100.0,57.768,64.758,150.0,0.222,96.556,0.0,0.0,0.0,2.25,0.0,0.0,4.4,0.093
1789174425,339,r100,100.025,57.741,64.708,150.0,0.222,96.778,0.0,1.0,1.0,2.001,0.0,0.0,4.4,0.093
1789174426,340,r100,100.0,57.714,64.657,139.971,0.111,97.222,0.0,1.0,1.0,2.75,0.0,0.0,4.1,0.095
1789174427,341,r100,100.0,57.732,64.69,137.98,0.111,97.111,0.0,0.0,0.0,3.25,0.0,0.0,4.1,0.093
1789174428,342,r100,100.05,57.732,64.691,137.778,0.111,97.0,0.0,0.0,0.0,4.002,0.0,0.0,4.4,0.098
1789174429,343,r100,100.025,57.741,64.708,137.778,0.111,96.889,0.0,0.0,0.0,4.751,0.0,0.0,4.4,0.1
1789174430,344,r100,100.05,57.768,64.758,138.0,0.0,96.556,0.0,0.0,0.0,4.502,0.0,0.0,4.486,0.098
1789174431,345,r100,99.75,57.768,64.759,135.578,0.0,96.444,0.0,1.0,1.0,3.5,0.0,0.0,4.55,0.1
1789174432,346,r100,100.0,57.741,64.708,132.5,0.0,96.889,0.0,0.0,0.0,2.5,0.0,0.0,4.55,0.095
1789174433,347,r100,100.0,57.732,64.691,131.111,0.0,97.0,0.0,0.0,0.0,2.0,0.0,0.0,4.4,0.093
1789174434,348,r100,100.0,57.732,64.691,131.111,0.0,97.111,0.0,0.0,0.0,1.0,0.0,0.0,4.4,0.092
1789174435,349,r100,100.3,57.723,64.674,131.111,0.0,97.222,0.0,0.0,0.0,1.501,0.0,0.0,4.486,0.09
1789174436,350,r100,99.75,57.697,64.624,120.033,0.0,97.333,0.0,0.0,0.0,2.25,0.0,0.0,4.486,0.092
1789174437,351,r100,100.0,57.67,64.574,116.364,0.0,97.778,0.0,0.0,0.0,2.25,0.0,0.0,4.28,0.093
1789174438,352,r100,99.75,57.671,64.574,120.033,0.0,97.667,0.0,0.0,0.0,3.25,0.0,0.0,4.1,0.095
1789174439,353,r100,100.0,57.697,64.624,122.857,0.0,97.444,0.0,0.0,0.0,3.75,0.0,0.0,3.8,0.095
1789174440,354,r100,100.0,57.741,64.708,128.889,0.0,96.778,0.0,2.0,2.0,4.5,0.0,0.0,3.2,0.095
1789174441,355,r100,100.0,57.768,64.758,130.769,0.0,96.556,0.0,0.0,0.0,5.25,0.0,0.0,4.1,0.098
1789174442,356,r100,100.25,57.812,64.844,132.857,0.0,96.0,0.0,0.0,0.0,5.75,0.0,0.0,4.28,0.098
1789174443,357,r100,107.223,57.846,64.908,134.953,0.0,95.615,0.0,0.0,0.0,5.499,0.0,0.0,4.4,0.11
1789174444,358,r100,132.5,57.851,64.917,136.537,0.0,95.459,0.0,1.0,1.0,6.0,0.0,0.0,4.28,0.135
1789174445,359,r100,157.0,57.943,97.75,137.918,0.0,95.419,0.0,1.0,1.0,7.25,0.0,0.0,5.5,0.16
1789174446,360,r100,182.25,57.96,101.148,138.238,0.0,95.142,0.0,0.0,0.0,8.25,0.0,0.0,5.5,0.175
1789174447,361,r200,199.75,57.949,95.857,138.168,0.0,95.131,0.0,1.0,1.0,9.0,0.0,0.0,5.5,0.185
1789174448,362,r200,200.0,57.927,86.375,137.368,0.0,95.331,0.0,1.0,1.0,8.75,0.0,0.0,5.5,0.183
1789174449,363,r200,200.25,57.892,64.995,135.583,0.0,95.896,0.0,0.0,0.0,8.0,0.0,0.0,5.5,0.167
1789174450,364,r200,200.0,57.877,64.967,137.819,0.0,95.841,0.0,1.0,1.0,7.0,0.0,0.0,5.5,0.165
1789174451,365,r200,200.25,57.845,64.905,136.867,0.0,96.196,0.0,1.0,1.0,6.0,0.0,0.0,5.5,0.152
1789174452,366,r200,200.0,57.867,64.948,139.048,0.056,95.833,0.0,2.0,2.0,7.25,0.0,0.0,5.5,0.143
1789174453,367,r200,200.0,57.867,64.948,140.0,0.056,96.0,0.0,0.0,0.0,8.0,0.0,0.0,5.5,0.148
1789174454,368,r200,199.75,57.808,64.835,141.538,0.056,95.944,0.0,2.0,2.0,8.5,0.0,0.0,1.4,0.147
1789174455,369,r200,200.0,57.831,64.878,142.857,0.056,95.778,0.0,0.0,0.0,11.0,0.0,0.0,1.4,0.152
1789174456,370,r200,200.0,57.821,64.861,141.65,0.056,95.944,0.0,1.0,1.0,9.0,0.0,0.0,1.4,0.152
1789174457,371,r200,199.5,57.808,64.836,144.646,0.111,96.0,0.0,0.0,0.0,8.75,0.0,0.0,1.4,0.147
1789174458,372,r200,200.3,57.844,64.904,148.235,0.111,95.611,0.0,0.0,0.0,9.752,0.0,0.0,1.4,0.15
1789174459,373,r200,200.1,57.844,64.904,145.0,0.111,95.611,0.0,1.0,1.0,7.754,0.0,0.0,3.2,0.16
1789174460,374,r200,200.1,57.872,64.956,147.778,0.111,95.389,0.0,0.0,0.0,8.754,0.0,0.0,3.2,0.163
1789174461,375,r200,200.55,57.849,64.913,147.059,0.056,95.556,0.0,2.0,2.0,9.002,0.0,0.0,3.2,0.165
1789174462,376,r200,200.0,57.844,64.904,146.667,0.056,95.667,0.0,0.0,0.0,7.75,0.0,0.0,3.8,0.158
1789174463,377,r200,199.7,57.831,64.878,143.75,0.056,95.889,0.0,1.0,1.0,7.498,0.0,0.0,3.8,0.147
1789174464,378,r200,199.95,57.79,64.801,145.714,0.111,96.333,0.0,0.0,0.0,6.498,0.0,0.0,3.8,0.142
1789174465,379,r200,200.0,57.799,64.818,145.714,0.111,96.222,0.0,1.0,1.0,6.0,0.0,0.0,4.11,0.143
1789174466,380,r200,199.75,57.781,64.784,143.062,0.056,96.444,0.0,1.0,1.0,5.0,0.0,0.0,4.11,0.157
1789174467,381,r200,200.25,57.785,64.792,140.0,0.056,96.722,0.0,0.0,0.0,5.75,0.0,0.0,27.75,0.162
1789174468,382,r200,200.05,57.776,64.775,138.571,0.056,96.889,0.0,0.0,0.0,5.501,0.0,0.0,27.75,0.16
1789174469,383,r200,200.0,57.754,64.733,135.385,0.056,96.944,0.0,2.0,2.0,5.0,0.0,0.0,27.75,0.16
1789174470,384,r200,200.0,57.768,64.759,133.35,0.056,97.0,0.0,1.0,1.0,7.0,0.0,0.0,27.75,0.147
1789174471,385,r200,199.8,57.759,64.742,129.109,0.056,96.833,0.0,2.0,2.0,6.752,0.0,0.0,27.75,0.143
1789174472,386,r200,199.7,57.79,64.801,137.143,0.167,96.667,0.0,0.0,0.0,8.498,0.0,0.0,27.75,0.15
1789174473,387,r200,200.0,57.79,64.801,136.25,0.111,96.5,0.0,2.0,2.0,8.5,0.0,0.0,27.75,0.15
1789174474,388,r200,200.25,57.776,64.775,136.923,0.111,96.833,0.0,0.0,0.0,6.75,0.0,0.0,27.5,0.147
1789174475,389,r200,200.2,57.794,64.809,135.369,0.111,96.667,0.0,0.0,0.0,6.498,0.0,0.0,27.5,0.145
1789174476,390,r200,200.25,57.768,64.758,134.286,0.111,96.556,0.0,0.0,0.0,6.0,0.0,0.0,4.4,0.147
1789174477,391,r200,199.75,57.777,64.776,135.306,0.111,96.389,0.0,0.0,0.0,6.5,0.0,0.0,4.28,0.145
1789174478,392,r200,200.0,57.776,64.775,134.118,0.111,96.611,0.0,1.0,1.0,6.0,0.0,0.0,11.5,0.15
1789174479,393,r200,200.0,57.75,64.724,131.987,0.111,96.944,0.0,0.0,0.0,5.75,0.0,0.0,11.5,0.152
1789174480,394,r200,200.0,57.758,64.741,132.487,0.111,96.944,0.0,0.0,0.0,5.5,0.0,0.0,11.5,0.145
1789174481,395,r200,200.25,57.732,64.69,125.7,0.0,97.167,0.0,0.0,0.0,5.0,0.0,0.0,11.5,0.145
1789174482,396,r200,199.5,57.741,64.708,126.693,0.0,96.944,0.0,2.0,2.0,6.75,0.0,0.0,11.5,0.148
1789174483,397,r200,199.0,57.777,64.777,130.04,0.056,96.389,0.0,0.0,0.0,9.0,0.0,0.0,11.5,0.15
1789174484,398,r200,200.05,57.781,64.784,133.043,0.111,96.444,0.0,1.0,1.0,8.002,0.0,0.0,11.5,0.153
1789174485,399,r200,200.0,57.799,64.818,133.636,0.111,96.278,0.0,0.0,0.0,10.0,0.0,0.0,11.5,0.155
1789174486,400,r200,200.3,57.803,64.827,135.789,0.111,96.222,0.0,0.0,0.0,9.752,0.0,0.0,11.5,0.155
1789174487,401,r200,200.75,57.813,64.844,138.191,0.167,96.056,0.0,0.0,0.0,7.75,0.0,0.0,4.4,0.15
1789174488,402,r200,200.0,57.826,64.87,137.6,0.167,95.833,0.0,0.0,0.0,8.75,0.0,0.0,4.4,0.148
1789174489,403,r200,199.85,57.826,64.87,139.238,0.167,95.778,0.0,1.0,1.0,7.504,0.0,0.0,4.4,0.15
1789174490,404,r200,200.25,57.863,64.939,142.0,0.167,95.389,0.0,0.0,0.0,8.75,0.0,0.0,4.1,0.15
1789174491,405,r200,200.05,57.876,64.965,141.98,0.167,95.333,0.0,0.0,0.0,10.253,0.0,0.0,3.8,0.153
1789174492,406,r200,200.05,57.857,64.929,139.967,0.111,95.556,0.0,1.0,1.0,10.003,0.0,0.0,3.8,0.155
1789174493,407,r200,200.2,57.853,64.921,139.048,0.056,95.5,0.0,1.0,1.0,9.498,0.0,0.0,3.8,0.152
1789174494,408,r200,200.0,57.84,64.895,139.091,0.056,95.667,0.0,0.0,0.0,8.75,0.0,0.0,3.8,0.152
1789174495,409,r200,199.8,57.844,64.905,137.608,0.056,95.611,0.0,0.0,0.0,8.002,0.0,0.0,3.2,0.155
1789174496,410,r200,199.7,57.849,64.913,137.391,0.056,95.389,0.0,2.0,2.0,8.248,0.0,0.0,1.4,0.155
1789174497,411,r200,200.05,57.858,64.93,140.0,0.111,95.444,0.0,0.0,0.0,9.002,0.0,0.0,1.4,0.155
1789174498,412,r200,200.05,57.84,64.895,138.252,0.111,95.722,0.0,0.0,0.0,7.502,0.0,0.0,0.99,0.153
1789174499,413,r200,200.45,57.799,64.818,137.273,0.111,96.111,0.0,1.0,1.0,6.248,0.0,0.0,1.4,0.147
1789174500,414,r200,200.25,57.781,64.784,136.181,0.111,96.444,0.0,0.0,0.0,6.0,0.0,0.0,3.2,0.147
1789174501,415,r200,199.95,57.785,64.792,141.429,0.111,96.333,0.0,1.0,1.0,5.999,0.0,0.0,3.2,0.147
1789174502,416,r200,199.7,57.772,64.767,141.554,0.167,96.444,0.0,1.0,1.0,5.999,0.0,0.0,3.8,0.15
1789174503,417,r200,199.75,57.759,64.742,138.9,0.167,96.611,0.0,0.0,0.0,6.75,0.0,0.0,3.8,0.15
1789174504,418,r200,200.05,57.772,64.766,141.633,0.222,96.556,0.0,0.0,0.0,7.502,0.0,0.0,3.8,0.153
1789174505,419,r200,199.75,57.768,64.758,143.333,0.167,96.667,0.0,0.0,0.0,7.25,0.0,0.0,3.8,0.16
1789174506,420,r200,199.5,57.75,64.725,138.788,0.111,96.611,0.0,1.0,1.0,8.0,0.0,0.0,3.8,0.172
1789174507,421,r200,200.05,57.79,64.801,143.655,0.167,96.222,0.0,1.0,1.0,9.002,0.0,0.0,3.8,0.178
1789174508,422,r200,200.0,57.799,64.818,144.0,0.222,96.222,0.0,0.0,0.0,8.0,0.0,0.0,3.22,0.175
1789174509,423,r200,200.3,57.781,64.784,142.0,0.222,96.389,0.0,0.0,0.0,6.752,0.0,0.0,3.22,0.168
1789174510,424,r200,200.75,57.776,64.775,135.556,0.222,96.5,0.0,0.0,0.0,7.0,0.0,0.0,3.813,0.152
1789174511,425,r200,200.0,57.79,64.801,136.667,0.167,96.333,0.0,0.0,0.0,6.0,0.0,0.0,3.22,0.155
1789174512,426,r200,200.0,57.812,64.843,139.99,0.222,96.0,0.0,1.0,1.0,7.25,0.0,0.0,3.22,0.157
1789174513,427,r200,199.95,57.803,64.827,139.048,0.222,96.167,0.0,0.0,0.0,8.498,0.0,0.0,3.22,0.157
1789174514,428,r200,199.8,57.803,64.827,137.143,0.222,96.167,0.0,0.0,0.0,8.502,0.0,0.0,3.22,0.158
1789174515,429,r200,200.25,57.83,64.877,143.582,0.277,96.0,0.0,0.0,0.0,9.5,0.0,0.0,3.22,0.152
1789174516,430,r200,199.95,57.821,64.861,138.878,0.222,96.0,0.0,0.0,0.0,9.498,0.0,0.0,3.813,0.15
1789174517,431,r200,200.05,57.831,64.878,140.0,0.222,95.778,0.0,0.0,0.0,9.752,0.0,0.0,3.8,0.153
1789174518,432,r200,200.25,57.84,64.895,140.0,0.222,95.667,0.0,1.0,1.0,8.75,0.0,0.0,3.2,0.155
1789174519,433,r200,199.8,57.84,64.896,140.02,0.222,95.611,0.0,1.0,1.0,8.252,0.0,0.0,1.4,0.155
1789174520,434,r200,199.8,57.835,64.887,139.048,0.222,95.778,0.0,0.0,0.0,6.752,0.0,0.0,1.4,0.155
1789174521,435,r200,200.05,57.808,64.835,135.0,0.167,96.167,0.0,0.0,0.0,5.751,0.0,0.0,1.4,0.155
1789174522,436,r200,199.8,57.781,64.784,132.013,0.111,96.333,0.0,0.0,0.0,5.751,0.0,0.0,1.4,0.163
1789174523,437,r200,200.0,57.781,64.784,131.765,0.111,96.333,0.0,0.0,0.0,5.5,0.0,0.0,1.4,0.16
1789174524,438,r200,200.05,57.759,64.742,130.011,0.056,96.611,0.0,0.0,0.0,5.751,0.0,0.0,1.4,0.158
1789174525,439,r200,199.5,57.75,64.725,130.612,0.111,96.722,0.0,0.0,0.0,6.75,0.0,0.0,0.99,0.155
1789174526,440,r200,200.25,57.736,64.699,128.0,0.056,97.0,0.0,0.0,0.0,6.75,0.0,0.0,3.2,0.145
1789174527,441,r200,200.25,57.759,64.741,129.412,0.056,96.722,0.0,0.0,0.0,7.25,0.0,0.0,3.8,0.15
1789174528,442,r200,200.0,57.768,64.758,131.579,0.056,96.556,0.0,1.0,1.0,8.5,0.0,0.0,3.8,0.152
1789174529,443,r200,200.5,57.799,64.818,134.536,0.056,96.222,0.0,0.0,0.0,9.0,0.0,0.0,3.8,0.155
1789174530,444,r200,199.2,57.804,64.828,135.678,0.111,95.944,0.0,0.0,0.0,10.497,0.0,0.0,3.8,0.155
1789174531,445,r200,200.0,57.83,64.878,137.492,0.167,95.833,0.0,0.0,0.0,9.5,0.0,0.0,3.8,0.152
1789174532,446,r200,200.0,57.858,64.93,139.286,0.222,95.556,0.0,0.0,0.0,10.0,0.0,0.0,3.8,0.158
1789174533,447,r200,199.95,57.862,64.938,137.413,0.222,95.444,0.0,0.0,0.0,9.248,0.0,0.0,3.8,0.152
1789174534,448,r200,200.55,57.849,64.912,138.614,0.167,95.556,0.0,1.0,1.0,8.252,0.0,0.0,3.8,0.15
1789174535,449,r200,199.75,57.844,64.905,140.018,0.222,95.556,0.0,0.0,0.0,8.0,0.0,0.0,1.4,0.15
1789174536,450,r200,200.2,57.826,64.87,140.0,0.222,95.833,0.0,0.0,0.0,5.999,0.0,0.0,1.4,0.142
1789174537,451,r200,199.8,57.817,64.852,141.667,0.222,95.944,0.0,1.0,1.0,6.252,0.0,0.0,3.2,0.153
1789174538,452,r200,200.0,57.804,64.827,141.836,0.278,95.944,0.0,1.0,1.0,7.25,0.0,0.0,4.1,0.16
1789174539,453,r200,200.25,57.798,64.817,141.617,0.222,96.278,0.0,1.0,1.0,7.0,0.0,0.0,4.1,0.155
1789174540,454,r200,199.8,57.795,64.81,140.017,0.167,96.167,0.0,0.0,0.0,8.002,0.0,0.0,4.28,0.163
1789174541,455,r200,200.0,57.772,64.767,137.333,0.111,96.444,0.0,0.0,0.0,7.75,0.0,0.0,4.28,0.157
1789174542,456,r200,200.2,57.772,64.767,140.0,0.111,96.5,0.0,0.0,0.0,6.998,0.0,0.0,4.28,0.15
1789174543,457,r200,200.0,57.776,64.775,136.459,0.111,96.5,0.0,0.0,0.0,7.75,0.0,0.0,4.4,0.15
1789174544,458,r200,200.25,57.785,64.792,135.544,0.056,96.333,0.0,1.0,1.0,7.0,0.0,0.0,4.4,0.15
1789174545,459,r200,200.25,57.79,64.801,137.778,0.056,96.278,0.0,0.0,0.0,6.75,0.0,0.0,4.28,0.145
1789174546,460,r200,199.3,57.777,64.776,135.811,0.056,96.444,0.0,0.0,0.0,6.752,0.0,0.0,4.28,0.148
1789174547,461,r200,199.7,57.785,64.792,134.545,0.056,96.389,0.0,1.0,1.0,7.498,0.0,0.0,3.8,0.155
1789174548,462,r200,199.8,57.804,64.827,138.191,0.056,96.111,0.0,0.0,0.0,8.502,0.0,0.0,4.1,0.153
1789174549,463,r200,199.8,57.812,64.844,139.13,0.056,96.0,0.0,1.0,1.0,9.002,0.0,0.0,4.1,0.155
1789174550,464,r200,200.8,57.799,64.818,139.158,0.111,96.222,0.0,0.0,0.0,8.502,0.0,0.0,4.1,0.155
1789174551,465,r200,200.35,57.79,64.801,140.0,0.167,96.278,0.0,0.0,0.0,7.504,0.0,0.0,4.28,0.155
1789174552,466,r200,200.25,57.781,64.784,142.0,0.167,96.333,0.0,1.0,1.0,6.25,0.0,0.0,4.4,0.152
1789174553,467,r200,200.25,57.79,64.801,142.0,0.167,96.222,0.0,1.0,1.0,6.25,0.0,0.0,4.55,0.152
1789174554,468,r200,199.75,57.799,64.818,140.022,0.167,96.111,0.0,1.0,1.0,7.0,0.0,0.0,4.55,0.152
1789174555,469,r200,200.0,57.807,64.834,143.94,0.222,96.167,0.0,0.0,0.0,7.25,0.0,0.0,4.55,0.17
1789174556,470,r200,200.0,57.772,64.767,141.98,0.167,96.611,0.0,0.0,0.0,6.75,0.0,0.0,4.6,0.18
1789174557,471,r200,200.0,57.745,64.716,137.133,0.167,96.889,0.0,0.0,0.0,5.5,0.0,0.0,4.55,0.18
1789174558,472,r200,200.05,57.759,64.741,136.0,0.167,96.667,0.0,0.0,0.0,7.002,0.0,0.0,4.55,0.185
1789174559,473,r200,200.05,57.759,64.741,135.0,0.111,96.667,0.0,0.0,0.0,6.252,0.0,0.0,4.55,0.16
1789174560,474,r200,200.0,57.759,64.741,134.545,0.056,96.667,0.0,0.0,0.0,7.0,0.0,0.0,4.486,0.15
1789174561,475,r200,199.8,57.772,64.767,134.791,0.111,96.5,0.0,0.0,0.0,8.252,0.0,0.0,4.28,0.153
1789174562,476,r200,200.2,57.785,64.792,135.238,0.167,96.444,0.0,0.0,0.0,7.248,0.0,0.0,3.8,0.155
1789174563,477,r200,185.454,57.772,64.767,135.078,0.172,96.532,0.0,0.0,0.0,7.248,0.0,0.0,4.4,0.15
1789174564,478,r200,135.5,57.772,64.767,133.978,0.13,96.471,0.0,0.0,0.0,5.75,0.0,0.0,4.55,0.115
1789174565,479,r200,85.75,57.796,64.813,135.44,0.149,96.165,0.0,0.0,0.0,3.5,0.0,0.0,4.55,0.078
1789174566,480,r200,35.5,57.822,64.862,136.277,0.175,95.841,0.0,0.0,0.0,1.0,0.0,0.0,4.55,0.032
1789174567,481,r200,0.0,57.781,64.783,137.4,0.212,96.452,0.0,0.0,0.0,0.0,0.0,0.0,4.55,0.005
